SA2_MAINCODE_2016,SA2_NAME_2016,RA_CODE_2016,RA_NAME_2016,RATIO,PERCENTAGE
,,,,,
101021007,Braidwood,11,Inner Regional Australia,0.7497433,74.9743278
101021007,Braidwood,12,Outer Regional Australia,0.2502567,25.0256722
101021008,Karabar,10,Major Cities of Australia,1,100
101021009,Queanbeyan,10,Major Cities of Australia,1,100
101021010,Queanbeyan - East,10,Major Cities of Australia,1,100
101021011,Queanbeyan Region,10,Major Cities of Australia,0.0484382,4.843819
101021011,Queanbeyan Region,11,Inner Regional Australia,0.9515618,95.156181
101021012,Queanbeyan West - Jerrabomberra,10,Major Cities of Australia,1,100
101031013,Bombala,12,Outer Regional Australia,1,100
101031014,Cooma,11,Inner Regional Australia,1,100
101031015,Cooma Region,11,Inner Regional Australia,0.5722569,57.2256922
101031015,Cooma Region,12,Outer Regional Australia,0.4277431,42.7743078
101031016,Jindabyne - Berridale,12,Outer Regional Australia,1,100
101041017,Batemans Bay,11,Inner Regional Australia,1,100
101041018,Batemans Bay - South,11,Inner Regional Australia,1,100
101041019,Bega - Tathra,12,Outer Regional Australia,1,100
101041020,Bega-Eden Hinterland,12,Outer Regional Australia,1,100
101041021,Broulee - Tomakin,11,Inner Regional Australia,1,100
101041022,Deua - Wadbilliga,12,Outer Regional Australia,1,100
101041023,Eden,12,Outer Regional Australia,1,100
101041024,Eurobodalla Hinterland,11,Inner Regional Australia,0.6834752,68.3475176
101041024,Eurobodalla Hinterland,12,Outer Regional Australia,0.3165248,31.6524824
101041025,Merimbula - Tura Beach,12,Outer Regional Australia,1,100
101041026,Moruya - Tuross Head,11,Inner Regional Australia,0.6840126,68.401264
101041026,Moruya - Tuross Head,12,Outer Regional Australia,0.3159874,31.598736
101041027,Narooma - Bermagui,12,Outer Regional Australia,1,100
101051539,Goulburn,11,Inner Regional Australia,1,100
101051540,Goulburn Region,11,Inner Regional Australia,0.8910069,89.1006878
101051540,Goulburn Region,12,Outer Regional Australia,0.1089931,10.8993122
101061541,Yass,11,Inner Regional Australia,1,100
101061542,Yass Region,10,Major Cities of Australia,0.0483857,4.8385683
101061542,Yass Region,11,Inner Regional Australia,0.9246367,92.4636707
101061542,Yass Region,12,Outer Regional Australia,0.0269776,2.697761
101061543,Young,11,Inner Regional Australia,1,100
101061544,Young Region,11,Inner Regional Australia,0.6506401,65.0640134
101061544,Young Region,12,Outer Regional Australia,0.3493599,34.9359866
102011028,Avoca Beach - Copacabana,10,Major Cities of Australia,1,100
102011029,Box Head - MacMasters Beach,10,Major Cities of Australia,1,100
102011030,Calga - Kulnura,10,Major Cities of Australia,0.0982906,9.8290632
102011030,Calga - Kulnura,11,Inner Regional Australia,0.9017094,90.1709368
102011031,Erina - Green Point,10,Major Cities of Australia,1,100
102011032,Gosford - Springfield,10,Major Cities of Australia,1,100
102011033,Kariong,10,Major Cities of Australia,1,100
102011034,Kincumber - Picketts Valley,10,Major Cities of Australia,1,100
102011035,Narara,10,Major Cities of Australia,1,100
102011036,Niagara Park - Lisarow,10,Major Cities of Australia,1,100
102011037,Point Clare - Koolewong,10,Major Cities of Australia,1,100
102011038,Saratoga - Davistown,10,Major Cities of Australia,1,100
102011039,Terrigal - North Avoca,10,Major Cities of Australia,1,100
102011040,Umina - Booker Bay - Patonga,10,Major Cities of Australia,1,100
102011041,Wamberal - Forresters Beach,10,Major Cities of Australia,1,100
102011042,Woy Woy - Blackwall,10,Major Cities of Australia,1,100
102011043,Wyoming,10,Major Cities of Australia,1,100
102021044,Bateau Bay - Killarney Vale,10,Major Cities of Australia,1,100
102021045,Blue Haven - San Remo,10,Major Cities of Australia,1,100
102021046,Budgewoi - Buff Point - Halekulani,10,Major Cities of Australia,1,100
102021047,Chittaway Bay - Tumbi Umbi,10,Major Cities of Australia,1,100
102021048,Gorokan - Kanwal - Charmhaven,10,Major Cities of Australia,1,100
102021049,Jilliby - Yarramalong,10,Major Cities of Australia,0.4066489,40.6648926
102021049,Jilliby - Yarramalong,11,Inner Regional Australia,0.5933511,59.3351074
102021050,Lake Munmorah - Mannering Park,10,Major Cities of Australia,1,100
102021051,Ourimbah - Fountaindale,10,Major Cities of Australia,0.8994862,89.9486193
102021051,Ourimbah - Fountaindale,11,Inner Regional Australia,0.1005138,10.0513807
102021052,Summerland Point - Gwandalan,10,Major Cities of Australia,1,100
102021053,The Entrance,10,Major Cities of Australia,1,100
102021054,Toukley - Norah Head,10,Major Cities of Australia,1,100
102021055,Tuggerah - Kangy Angy,10,Major Cities of Australia,1,100
102021056,Warnervale - Wadalba,10,Major Cities of Australia,1,100
102021057,Wyong,10,Major Cities of Australia,1,100
103011058,Bathurst,11,Inner Regional Australia,1,100
103011059,Bathurst - East,11,Inner Regional Australia,1,100
103011060,Bathurst Region,11,Inner Regional Australia,0.8922295,89.2229498
103011060,Bathurst Region,12,Outer Regional Australia,0.1077705,10.7770502
103011061,Oberon,11,Inner Regional Australia,0.8905846,89.05846
103011061,Oberon,12,Outer Regional Australia,0.1094154,10.94154
103021062,Condobolin,12,Outer Regional Australia,0.5446066,54.4606558
103021062,Condobolin,13,Remote Australia,0.4553934,45.5393442
103021063,Cowra,11,Inner Regional Australia,1,100
103021064,Cowra Region,11,Inner Regional Australia,0.370445,37.0444992
103021064,Cowra Region,12,Outer Regional Australia,0.629555,62.9555008
103021065,Forbes,12,Outer Regional Australia,1,100
103021066,Grenfell,12,Outer Regional Australia,1,100
103021067,Parkes (NSW),12,Outer Regional Australia,1,100
103021068,Parkes Region,12,Outer Regional Australia,1,100
103021069,West Wyalong,12,Outer Regional Australia,0.975396,97.539602
103021069,West Wyalong,13,Remote Australia,0.024604,2.460398
103031070,Lithgow,11,Inner Regional Australia,1,100
103031071,Lithgow Region,11,Inner Regional Australia,0.9613293,96.1329304
103031071,Lithgow Region,12,Outer Regional Australia,0.0386707,3.8670696
103031072,Mudgee,11,Inner Regional Australia,1,100
103031073,Mudgee Region - East,11,Inner Regional Australia,0.3732746,37.3274564
103031073,Mudgee Region - East,12,Outer Regional Australia,0.6267254,62.6725436
103031074,Mudgee Region - West,12,Outer Regional Australia,1,100
103031075,Wollangambe - Wollemi,12,Outer Regional Australia,1,100
103041076,Blayney,11,Inner Regional Australia,0.8622442,86.2244162
103041076,Blayney,12,Outer Regional Australia,0.1377558,13.7755838
103041077,Orange,11,Inner Regional Australia,1,100
103041078,Orange - North,11,Inner Regional Australia,1,100
103041079,Orange Region,11,Inner Regional Australia,0.7248664,72.4866391
103041079,Orange Region,12,Outer Regional Australia,0.2751336,27.5133609
104011080,Grafton,11,Inner Regional Australia,1,100
104011081,Grafton Region,11,Inner Regional Australia,0.3642578,36.4257816
104011081,Grafton Region,12,Outer Regional Australia,0.6357422,63.5742184
104011082,Maclean - Yamba - Iluka,11,Inner Regional Australia,0.9865396,98.653963
104011082,Maclean - Yamba - Iluka,12,Outer Regional Australia,0.0134604,1.346037
104021083,Bellingen,12,Outer Regional Australia,1,100
104021084,Coffs Harbour - North,11,Inner Regional Australia,1,100
104021085,Coffs Harbour - South,11,Inner Regional Australia,1,100
104021086,Coramba - Nana Glen - Bucca,11,Inner Regional Australia,0.6700681,67.0068059
104021086,Coramba - Nana Glen - Bucca,12,Outer Regional Australia,0.3299319,32.9931941
104021087,Dorrigo,12,Outer Regional Australia,1,100
104021088,Korora - Emerald Beach,11,Inner Regional Australia,1,100
104021089,Sawtell - Boambee,11,Inner Regional Australia,1,100
104021090,Urunga,12,Outer Regional Australia,1,100
104021091,Woolgoolga - Arrawarra,11,Inner Regional Australia,1,99.999999
105011092,Bourke - Brewarrina,13,Remote Australia,0.4567886,45.6788604
105011092,Bourke - Brewarrina,14,Very Remote Australia,0.5432114,54.3211396
105011093,Cobar,13,Remote Australia,0.9064049,90.640494
105011093,Cobar,14,Very Remote Australia,0.0935951,9.359506
105011094,Coonamble,12,Outer Regional Australia,0.0954579,9.5457887
105011094,Coonamble,13,Remote Australia,0.9045421,90.4542113
105011095,Nyngan - Warren,12,Outer Regional Australia,0.3090102,30.9010241
105011095,Nyngan - Warren,13,Remote Australia,0.6909898,69.0989759
105011096,Walgett - Lightning Ridge,13,Remote Australia,0.9160872,91.6087199
105011096,Walgett - Lightning Ridge,14,Very Remote Australia,0.0839128,8.3912801
105021097,Broken Hill,12,Outer Regional Australia,1,100
105021098,Far West,13,Remote Australia,0.1449272,14.492719
105021098,Far West,14,Very Remote Australia,0.8550728,85.507281
105031099,Coonabarabran,12,Outer Regional Australia,0.894519,89.4518967
105031099,Coonabarabran,13,Remote Australia,0.105481,10.5481033
105031100,Dubbo - East,11,Inner Regional Australia,1,100
105031101,Dubbo - South,11,Inner Regional Australia,1,100
105031102,Dubbo - West,11,Inner Regional Australia,1,100
105031103,Dubbo Region,11,Inner Regional Australia,0.0964865,9.6486531
105031103,Dubbo Region,12,Outer Regional Australia,0.9035135,90.3513469
105031104,Gilgandra,12,Outer Regional Australia,1,100
105031105,Narromine,12,Outer Regional Australia,1,100
105031106,Wellington,12,Outer Regional Australia,1,100
106011107,Branxton - Greta - Pokolbin,11,Inner Regional Australia,1,100
106011108,Cessnock,10,Major Cities of Australia,0.0082232,0.8223161
106011108,Cessnock,11,Inner Regional Australia,0.9917768,99.1776839
106011109,Cessnock Region,10,Major Cities of Australia,0.0441565,4.4156519
106011109,Cessnock Region,11,Inner Regional Australia,0.9558435,95.5843481
106011110,Dungog,11,Inner Regional Australia,0.9463908,94.6390825
106011110,Dungog,12,Outer Regional Australia,0.0536092,5.3609175
106011111,Kurri Kurri - Abermain,10,Major Cities of Australia,0.9674197,96.7419671
106011111,Kurri Kurri - Abermain,11,Inner Regional Australia,0.0325803,3.2580329
106011112,Singleton,11,Inner Regional Australia,1,100
106011113,Singleton Region,11,Inner Regional Australia,0.9135046,91.3504628
106011113,Singleton Region,12,Outer Regional Australia,0.0864954,8.6495372
106021114,Maitland,10,Major Cities of Australia,1,100
106021115,Maitland - East,10,Major Cities of Australia,1,100
106021116,Maitland - North,10,Major Cities of Australia,0.9299948,92.9994815
106021116,Maitland - North,11,Inner Regional Australia,0.0700052,7.0005185
106021117,Maitland - West,10,Major Cities of Australia,0.9243332,92.4333188
106021117,Maitland - West,11,Inner Regional Australia,0.0756668,7.5666812
106021118,Thornton - Millers Forest,10,Major Cities of Australia,1,100
106031119,Anna Bay,11,Inner Regional Australia,1,100
106031120,Lemon Tree Passage - Tanilba Bay,11,Inner Regional Australia,1,100
106031121,Nelson Bay Peninsula,11,Inner Regional Australia,1,100
106031122,Raymond Terrace,10,Major Cities of Australia,0.9827287,98.2728713
106031122,Raymond Terrace,11,Inner Regional Australia,0.0172713,1.7271287
106031123,Seaham - Woodville,10,Major Cities of Australia,0.2910199,29.1019922
106031123,Seaham - Woodville,11,Inner Regional Australia,0.7089801,70.8980078
106031124,Tea Gardens - Hawks Nest,11,Inner Regional Australia,1,99.9999986
106031125,Williamtown - Medowie - Karuah,10,Major Cities of Australia,0.0271397,2.7139731
106031125,Williamtown - Medowie - Karuah,11,Inner Regional Australia,0.9728603,97.2860269
106041126,Muswellbrook,11,Inner Regional Australia,1,100
106041127,Muswellbrook Region,11,Inner Regional Australia,0.83075,83.0749982
106041127,Muswellbrook Region,12,Outer Regional Australia,0.16925,16.9250018
106041128,Scone,11,Inner Regional Australia,1,100
106041129,Scone Region,11,Inner Regional Australia,0.2974539,29.7453886
106041129,Scone Region,12,Outer Regional Australia,0.7025461,70.2546114
107011131,Dapto - Avondale,10,Major Cities of Australia,0.98458,98.4579993
107011131,Dapto - Avondale,11,Inner Regional Australia,0.01542,1.5420007
107011132,Horsley - Kembla Grange,10,Major Cities of Australia,1,100
107011133,Port Kembla Industrial,10,Major Cities of Australia,1,100
107011134,Unanderra - Mount Kembla,10,Major Cities of Australia,1,100
107011545,Berkeley - Lake Heights - Cringila,10,Major Cities of Australia,1,100
107011546,Port Kembla - Warrawong,10,Major Cities of Australia,1,100
107011547,Windang - Primbee,10,Major Cities of Australia,1,100
107021135,Illawarra Catchment Reserve,11,Inner Regional Australia,1,100
107031136,Albion Park - Macquarie Pass,10,Major Cities of Australia,0.9623089,96.2308932
107031136,Albion Park - Macquarie Pass,11,Inner Regional Australia,0.0376911,3.7691068
107031137,Albion Park Rail,10,Major Cities of Australia,1,100
107031138,Kiama,11,Inner Regional Australia,1,100
107031139,Kiama Downs - Minnamurra,11,Inner Regional Australia,1,100
107031140,Kiama Hinterland - Gerringong,11,Inner Regional Australia,1,100
107031141,Shellharbour - Flinders,10,Major Cities of Australia,0.9835188,98.3518769
107031141,Shellharbour - Flinders,11,Inner Regional Australia,0.0164812,1.6481231
107031142,Shellharbour - Oak Flats,10,Major Cities of Australia,1,100
107031143,Warilla,10,Major Cities of Australia,1,100
107041144,Balgownie - Fairy Meadow,10,Major Cities of Australia,1,100
107041145,Corrimal - Tarrawanna - Bellambi,10,Major Cities of Australia,1,100
107041146,Figtree - Keiraville,10,Major Cities of Australia,1,100
107041147,Helensburgh,10,Major Cities of Australia,0.8765657,87.6565665
107041147,Helensburgh,11,Inner Regional Australia,0.1234343,12.3434335
107041148,Thirroul - Austinmer - Coalcliff,10,Major Cities of Australia,1,100
107041150,Woonona - Bulli - Russell Vale,10,Major Cities of Australia,1,100
107041548,Wollongong - East,10,Major Cities of Australia,1,100
107041549,Wollongong - West,10,Major Cities of Australia,1,100
108011151,Bulahdelah - Stroud,11,Inner Regional Australia,0.9606516,96.0651584
108011151,Bulahdelah - Stroud,12,Outer Regional Australia,0.0393484,3.9348416
108011152,Forster,11,Inner Regional Australia,1,100
108011153,Forster-Tuncurry Region,11,Inner Regional Australia,1,100
108011154,Tuncurry,11,Inner Regional Australia,1,100
108021155,Kempsey,11,Inner Regional Australia,1,100
108021156,Kempsey Region,11,Inner Regional Australia,0.0711506,7.1150636
108021156,Kempsey Region,12,Outer Regional Australia,0.9288494,92.8849364
108021157,Macksville - Scotts Head,12,Outer Regional Australia,1,100
108021158,Nambucca Heads,12,Outer Regional Australia,1,100
108021159,Nambucca Heads Region,12,Outer Regional Australia,1,100
108021160,South West Rocks,12,Outer Regional Australia,1,100
108031161,Lord Howe Island,14,Very Remote Australia,1,100
108041162,Laurieton - Bonny Hills,11,Inner Regional Australia,1,100
108041163,Port Macquarie - East,11,Inner Regional Australia,1,100
108041164,Port Macquarie - West,11,Inner Regional Australia,1,100
108041165,Port Macquarie Region,11,Inner Regional Australia,0.5381715,53.8171518
108041165,Port Macquarie Region,12,Outer Regional Australia,0.4618285,46.1828482
108041166,Wauchope,11,Inner Regional Australia,1,100
108051167,Gloucester,11,Inner Regional Australia,0.757347,75.7347
108051167,Gloucester,12,Outer Regional Australia,0.242653,24.2653
108051168,Old Bar - Manning Point - Red Head,11,Inner Regional Australia,1,100
108051169,Taree,11,Inner Regional Australia,1,100
108051170,Taree Region,11,Inner Regional Australia,0.9538759,95.387586
108051170,Taree Region,12,Outer Regional Australia,0.0461241,4.612414
108051171,Wingham,11,Inner Regional Australia,1,100
109011172,Albury - East,11,Inner Regional Australia,1,100
109011173,Albury - North,11,Inner Regional Australia,1,100
109011174,Albury - South,11,Inner Regional Australia,1,100
109011175,Albury Region,11,Inner Regional Australia,0.9375646,93.7564602
109011175,Albury Region,12,Outer Regional Australia,0.0624354,6.2435398
109011176,Lavington,11,Inner Regional Australia,1,100
109021177,Hay,12,Outer Regional Australia,0.7776656,77.7665634
109021177,Hay,13,Remote Australia,0.2223344,22.2334366
109021178,Wentworth - Buronga,12,Outer Regional Australia,1,100
109021179,Wentworth-Balranald Region,12,Outer Regional Australia,0.6583589,65.835888
109021179,Wentworth-Balranald Region,13,Remote Australia,0.3416411,34.164112
109031180,Corowa,11,Inner Regional Australia,1,100
109031181,Corowa Region,11,Inner Regional Australia,0.7894269,78.9426894
109031181,Corowa Region,12,Outer Regional Australia,0.2105731,21.0573106
109031182,Deniliquin,11,Inner Regional Australia,1,100
109031183,Deniliquin Region,12,Outer Regional Australia,1,100
109031184,Moama,11,Inner Regional Australia,1,100
109031185,Tocumwal - Finley - Jerilderie,11,Inner Regional Australia,0.667562,66.7561991
109031185,Tocumwal - Finley - Jerilderie,12,Outer Regional Australia,0.332438,33.2438009
110011186,Armidale,11,Inner Regional Australia,0.9783644,97.8364447
110011186,Armidale,12,Outer Regional Australia,0.0216356,2.1635553
110011187,Armidale Region - North,12,Outer Regional Australia,1,100
110011188,Armidale Region - South,11,Inner Regional Australia,0.4031135,40.311351
110011188,Armidale Region - South,12,Outer Regional Australia,0.5968865,59.688649
110011189,Walcha,12,Outer Regional Australia,1,100
110021190,Glen Innes,12,Outer Regional Australia,1,100
110021191,Inverell,12,Outer Regional Australia,1,100
110021192,Inverell Region - East,12,Outer Regional Australia,1,100
110021193,Inverell Region - West,12,Outer Regional Australia,1,100
110021194,Tenterfield,12,Outer Regional Australia,1,100
110031195,Moree,12,Outer Regional Australia,1,100
110031196,Moree Region,12,Outer Regional Australia,0.72914,72.9139967
110031196,Moree Region,13,Remote Australia,0.27086,27.0860033
110031197,Narrabri,12,Outer Regional Australia,1,100
110031198,Narrabri Region,12,Outer Regional Australia,0.8471031,84.7103113
110031198,Narrabri Region,13,Remote Australia,0.1528969,15.2896887
110041199,Gunnedah,12,Outer Regional Australia,1,100
110041200,Gunnedah Region,12,Outer Regional Australia,1,100
110041201,Quirindi,11,Inner Regional Australia,0.1869329,18.693287
110041201,Quirindi,12,Outer Regional Australia,0.8130671,81.306713
110041202,Tamworth - East,11,Inner Regional Australia,1,100
110041203,Tamworth - North,11,Inner Regional Australia,1,100
110041204,Tamworth - West,11,Inner Regional Australia,1,100
110041205,Tamworth Region,11,Inner Regional Australia,0.4466565,44.6656548
110041205,Tamworth Region,12,Outer Regional Australia,0.5533435,55.3343452
111011206,Belmont - Bennetts Green,10,Major Cities of Australia,1,100
111011207,Belmont South - Blacksmiths,10,Major Cities of Australia,1,100
111011208,Charlestown - Dudley,10,Major Cities of Australia,1,100
111011209,Glendale - Cardiff - Hillsborough,10,Major Cities of Australia,1,100
111011210,Mount Hutton - Windale,10,Major Cities of Australia,1,100
111011211,Redhead,10,Major Cities of Australia,1,100
111011212,Swansea - Caves Beach,10,Major Cities of Australia,0.8409502,84.0950249
111011212,Swansea - Caves Beach,11,Inner Regional Australia,0.1590498,15.9049751
111011213,Valentine - Eleebana,10,Major Cities of Australia,1,100
111011214,Warners Bay - Boolaroo,10,Major Cities of Australia,1,100
111021215,Bolton Point - Teralba,10,Major Cities of Australia,1,100
111021216,Bonnells Bay - Silverwater,10,Major Cities of Australia,1,100
111021217,Edgeworth - Cameron Park,10,Major Cities of Australia,1,100
111021218,Morisset - Cooranbong,10,Major Cities of Australia,0.9236524,92.3652386
111021218,Morisset - Cooranbong,11,Inner Regional Australia,0.0763476,7.6347614
111021219,Toronto - Awaba,10,Major Cities of Australia,1,100
111021220,Wangi Wangi - Rathmines,10,Major Cities of Australia,1,100
111021221,West Wallsend - Barnsley - Killingworth,10,Major Cities of Australia,1,100
111031222,Adamstown - Kotara,10,Major Cities of Australia,1,100
111031223,Beresfield - Hexham,10,Major Cities of Australia,1,100
111031224,Hamilton - Broadmeadow,10,Major Cities of Australia,1,100
111031225,Lambton - New Lambton,10,Major Cities of Australia,1,100
111031226,Maryland - Fletcher - Minmi,10,Major Cities of Australia,1,100
111031227,Mayfield - Warabrook,10,Major Cities of Australia,1,100
111031228,Merewether - The Junction,10,Major Cities of Australia,1,100
111031229,Newcastle - Cooks Hill,10,Major Cities of Australia,1,100
111031230,Newcastle Port - Kooragang,10,Major Cities of Australia,1,100
111031231,Shortland - Jesmond,10,Major Cities of Australia,1,100
111031232,Stockton - Fullerton Cove,10,Major Cities of Australia,1,100
111031233,Wallsend - Elermore Vale,10,Major Cities of Australia,1,100
111031234,Waratah - North Lambton,10,Major Cities of Australia,1,100
111031235,Wickham - Carrington - Tighes Hill,10,Major Cities of Australia,1,100
112011236,Ballina,11,Inner Regional Australia,1,100
112011237,Ballina Region,11,Inner Regional Australia,1,100
112011238,Bangalow,11,Inner Regional Australia,1,100
112011239,Brunswick Heads - Ocean Shores,11,Inner Regional Australia,1,100
112011240,Byron Bay,11,Inner Regional Australia,1,100
112011241,Evans Head,11,Inner Regional Australia,1,100
112011242,Lennox Head - Skennars Head,11,Inner Regional Australia,1,100
112011243,Mullumbimby,11,Inner Regional Australia,1,100
112021244,Casino,11,Inner Regional Australia,1,100
112021245,Casino Region,11,Inner Regional Australia,0.7526541,75.265413
112021245,Casino Region,12,Outer Regional Australia,0.2473459,24.734587
112021246,Goonellabah,11,Inner Regional Australia,1,100
112021247,Kyogle,11,Inner Regional Australia,0.8808127,88.0812732
112021247,Kyogle,12,Outer Regional Australia,0.1191873,11.9187268
112021248,Lismore,11,Inner Regional Australia,1,100
112021249,Lismore Region,11,Inner Regional Australia,1,100
112031250,Kingscliff - Fingal Head,10,Major Cities of Australia,1,100
112031251,Murwillumbah,10,Major Cities of Australia,0.9994397,99.9439713
112031251,Murwillumbah,11,Inner Regional Australia,0.0005603,0.0560287
112031252,Murwillumbah Region,10,Major Cities of Australia,0.0695652,6.956524
112031252,Murwillumbah Region,11,Inner Regional Australia,0.9304348,93.043476
112031253,Pottsville,10,Major Cities of Australia,0.8042405,80.4240467
112031253,Pottsville,11,Inner Regional Australia,0.1957595,19.5759533
112031254,Tweed Heads,10,Major Cities of Australia,0.9724714,97.247139
112031254,Tweed Heads,11,Inner Regional Australia,0.0275286,2.752861
112031550,Banora Point,10,Major Cities of Australia,1,100
112031551,Terranora - North Tumblegum,10,Major Cities of Australia,1,100
112031552,Tweed Heads South,10,Major Cities of Australia,1,100
113011256,Griffith (NSW),12,Outer Regional Australia,1,100
113011257,Griffith Region,12,Outer Regional Australia,0.8627831,86.2783114
113011257,Griffith Region,13,Remote Australia,0.1372169,13.7216886
113011258,Leeton,12,Outer Regional Australia,1,100
113011259,Narrandera,12,Outer Regional Australia,1,100
113021260,Tumbarumba,12,Outer Regional Australia,1,100
113021261,Tumut,11,Inner Regional Australia,1,100
113021262,Tumut Region,11,Inner Regional Australia,0.5169619,51.6961868
113021262,Tumut Region,12,Outer Regional Australia,0.4830381,48.3038132
113031263,Cootamundra,11,Inner Regional Australia,0.9480932,94.8093231
113031263,Cootamundra,12,Outer Regional Australia,0.0519068,5.1906769
113031264,Gundagai,11,Inner Regional Australia,0.8344866,83.4486572
113031264,Gundagai,12,Outer Regional Australia,0.1655134,16.5513428
113031265,Junee,11,Inner Regional Australia,0.8806763,88.0676325
113031265,Junee,12,Outer Regional Australia,0.1193237,11.9323675
113031266,Temora,12,Outer Regional Australia,1,100
113031267,Wagga Wagga - East,11,Inner Regional Australia,1,100
113031268,Wagga Wagga - North,11,Inner Regional Australia,1,100
113031269,Wagga Wagga - South,11,Inner Regional Australia,1,100
113031270,Wagga Wagga - West,11,Inner Regional Australia,1,100
113031271,Wagga Wagga Region,11,Inner Regional Australia,0.7240749,72.4074906
113031271,Wagga Wagga Region,12,Outer Regional Australia,0.2759251,27.5925094
114011272,Berry - Kangaroo Valley,11,Inner Regional Australia,1,100
114011273,Callala Bay - Currarong,11,Inner Regional Australia,1,100
114011274,Culburra Beach,11,Inner Regional Australia,1,100
114011275,Ettrema - Sassafras - Budawang,11,Inner Regional Australia,1,100
114011276,Huskisson - Vincentia,11,Inner Regional Australia,1,100
114011277,North Nowra - Bomaderry,11,Inner Regional Australia,1,100
114011278,Nowra,11,Inner Regional Australia,1,100
114011279,St Georges Basin - Erowal Bay,11,Inner Regional Australia,1,100
114011280,Sussex Inlet - Berrara,11,Inner Regional Australia,1,100
114011281,Tomerong - Wandandian - Woollamia,11,Inner Regional Australia,1,100
114011282,Ulladulla,11,Inner Regional Australia,1,100
114011283,Ulladulla Region,11,Inner Regional Australia,0.9504035,95.0403475
114011283,Ulladulla Region,12,Outer Regional Australia,0.0495965,4.9596525
114021284,Bowral,11,Inner Regional Australia,1,100
114021285,Hill Top - Colo Vale,11,Inner Regional Australia,1,100
114021286,Mittagong,11,Inner Regional Australia,1,100
114021287,Moss Vale - Berrima,11,Inner Regional Australia,1,100
114021288,Robertson - Fitzroy Falls,11,Inner Regional Australia,1,100
114021289,Southern Highlands,11,Inner Regional Australia,1,100
115011290,Baulkham Hills (East),10,Major Cities of Australia,1,100
115011291,Baulkham Hills (West) - Bella Vista,10,Major Cities of Australia,1,100
115011294,Glenhaven,10,Major Cities of Australia,1,100
115011296,West Pennant Hills,10,Major Cities of Australia,1,100
115011553,Castle Hill - Central,10,Major Cities of Australia,1,100
115011554,Castle Hill - East,10,Major Cities of Australia,1,100
115011555,Castle Hill - North,10,Major Cities of Australia,1,100
115011556,Castle Hill - South,10,Major Cities of Australia,1,100
115011557,Castle Hill - West,10,Major Cities of Australia,1,100
115011558,Cherrybrook,10,Major Cities of Australia,1,100
115011559,Kellyville,10,Major Cities of Australia,1,100
115021297,Dural - Kenthurst - Wisemans Ferry,10,Major Cities of Australia,0.6398666,63.9866628
115021297,Dural - Kenthurst - Wisemans Ferry,11,Inner Regional Australia,0.3601334,36.0133372
115021298,Galston - Laughtondale,10,Major Cities of Australia,0.6035412,60.3541201
115021298,Galston - Laughtondale,11,Inner Regional Australia,0.3964588,39.6458799
115031299,Bilpin - Colo - St Albans,11,Inner Regional Australia,0.8756515,87.5651522
115031299,Bilpin - Colo - St Albans,12,Outer Regional Australia,0.1243485,12.4348478
115031300,Kurrajong Heights - Ebenezer,10,Major Cities of Australia,0.183653,18.365304
115031300,Kurrajong Heights - Ebenezer,11,Inner Regional Australia,0.816347,81.634696
115041301,Pitt Town - McGraths Hill,10,Major Cities of Australia,0.7988965,79.8896511
115041301,Pitt Town - McGraths Hill,11,Inner Regional Australia,0.2011035,20.1103489
115041302,Rouse Hill - Beaumont Hills,10,Major Cities of Australia,1,100
116011303,Blacktown (East) - Kings Park,10,Major Cities of Australia,1,100
116011304,Blacktown (North) - Marayong,10,Major Cities of Australia,1,100
116011306,Doonside - Woodcroft,10,Major Cities of Australia,1,100
116011307,Lalor Park - Kings Langley,10,Major Cities of Australia,1,100
116011308,Seven Hills - Toongabbie,10,Major Cities of Australia,1,100
116011560,Blacktown (South),10,Major Cities of Australia,1,100
116011561,Blacktown (West),10,Major Cities of Australia,1,100
116021309,Glenwood,10,Major Cities of Australia,1,100
116021310,Parklea - Kellyville Ridge,10,Major Cities of Australia,1,100
116021312,Riverstone - Marsden Park,10,Major Cities of Australia,1,100
116021562,Acacia Gardens,10,Major Cities of Australia,1,100
116021563,Quakers Hill,10,Major Cities of Australia,1,100
116031313,Bidwill - Hebersham - Emerton,10,Major Cities of Australia,1,100
116031314,Glendenning - Dean Park,10,Major Cities of Australia,1,100
116031315,Hassall Grove - Plumpton,10,Major Cities of Australia,1,100
116031316,Lethbridge Park - Tregear,10,Major Cities of Australia,1,100
116031317,Mount Druitt - Whalan,10,Major Cities of Australia,1,100
116031318,Prospect Reservoir,10,Major Cities of Australia,1,100
116031319,Rooty Hill - Minchinbury,10,Major Cities of Australia,1,100
117011320,Banksmeadow,10,Major Cities of Australia,1,100
117011321,Botany,10,Major Cities of Australia,1,100
117011322,Mascot - Eastlakes,10,Major Cities of Australia,1,100
117011323,Pagewood - Hillsdale - Daceyville,10,Major Cities of Australia,1,100
117011324,Port Botany Industrial,10,Major Cities of Australia,1,100
117011325,Sydney Airport,10,Major Cities of Australia,1,100
117021326,Marrickville,10,Major Cities of Australia,1,100
117021327,Petersham - Stanmore,10,Major Cities of Australia,1,100
117021328,Sydenham - Tempe - St Peters,10,Major Cities of Australia,1,100
117031329,Darlinghurst,10,Major Cities of Australia,1,100
117031330,Erskineville - Alexandria,10,Major Cities of Australia,1,100
117031331,Glebe - Forest Lodge,10,Major Cities of Australia,1,100
117031332,Newtown - Camperdown - Darlington,10,Major Cities of Australia,1,100
117031333,Potts Point - Woolloomooloo,10,Major Cities of Australia,1,100
117031334,Pyrmont - Ultimo,10,Major Cities of Australia,1,100
117031335,Redfern - Chippendale,10,Major Cities of Australia,1,100
117031336,Surry Hills,10,Major Cities of Australia,1,100
117031337,Sydney - Haymarket - The Rocks,10,Major Cities of Australia,1,100
117031338,Waterloo - Beaconsfield,10,Major Cities of Australia,1,100
118011339,Bondi - Tamarama - Bronte,10,Major Cities of Australia,1,100
118011340,Bondi Beach - North Bondi,10,Major Cities of Australia,1,100
118011341,Bondi Junction - Waverly,10,Major Cities of Australia,1,100
118011342,Centennial Park,10,Major Cities of Australia,1,100
118011343,Double Bay - Bellevue Hill,10,Major Cities of Australia,1,100
118011344,Dover Heights,10,Major Cities of Australia,1,100
118011345,Paddington - Moore Park,10,Major Cities of Australia,1,100
118011346,Rose Bay - Vaucluse - Watsons Bay,10,Major Cities of Australia,1,100
118011347,Woollahra,10,Major Cities of Australia,1,100
118021348,Coogee - Clovelly,10,Major Cities of Australia,1,100
118021350,Malabar - La Perouse - Chifley,10,Major Cities of Australia,1,100
118021564,Kensington (NSW),10,Major Cities of Australia,1,100
118021565,Kingsford,10,Major Cities of Australia,1,100
118021566,Maroubra - North,10,Major Cities of Australia,1,100
118021567,Maroubra - South,10,Major Cities of Australia,1,100
118021568,Maroubra - West,10,Major Cities of Australia,1,100
118021569,Randwick - North,10,Major Cities of Australia,1,100
118021570,Randwick - South,10,Major Cities of Australia,1,100
119011354,Bass Hill - Georges Hall,10,Major Cities of Australia,1,100
119011355,Chullora,10,Major Cities of Australia,1,100
119011356,Condell Park,10,Major Cities of Australia,1,100
119011357,Greenacre - Mount Lewis,10,Major Cities of Australia,1,100
119011358,Padstow,10,Major Cities of Australia,1,100
119011359,Panania - Milperra - Picnic Point,10,Major Cities of Australia,1,100
119011360,Revesby,10,Major Cities of Australia,1,100
119011361,Yagoona - Birrong,10,Major Cities of Australia,1,100
119011571,Bankstown - North,10,Major Cities of Australia,1,100
119011572,Bankstown - South,10,Major Cities of Australia,1,100
119021362,Belmore - Belfield,10,Major Cities of Australia,1,100
119021363,Canterbury (South) - Campsie,10,Major Cities of Australia,1,100
119021364,Kingsgrove (North) - Earlwood,10,Major Cities of Australia,1,100
119021366,Punchbowl,10,Major Cities of Australia,1,100
119021367,Roselands,10,Major Cities of Australia,1,100
119021573,Lakemba,10,Major Cities of Australia,1,100
119021574,Wiley Park,10,Major Cities of Australia,1,100
119031368,Hurstville,10,Major Cities of Australia,1,100
119031369,Mortdale - Penshurst,10,Major Cities of Australia,1,100
119031370,Narwee - Beverly Hills,10,Major Cities of Australia,1,100
119031371,Oatley - Hurstville Grove,10,Major Cities of Australia,1,100
119031372,Peakhurst - Lugarno,10,Major Cities of Australia,1,100
119031373,Riverwood,10,Major Cities of Australia,1,100
119031374,South Hurstville - Blakehurst,10,Major Cities of Australia,1,100
119041375,Arncliffe - Bardwell Valley,10,Major Cities of Australia,1,100
119041376,Bexley,10,Major Cities of Australia,1,100
119041377,Kingsgrove (South) - Bardwell Park,10,Major Cities of Australia,1,100
119041378,Kogarah,10,Major Cities of Australia,1,100
119041379,Kogarah Bay - Carlton - Allawah,10,Major Cities of Australia,1,100
119041380,Monterey - Brighton-le-Sands - Kyeemagh,10,Major Cities of Australia,1,100
119041381,Rockdale - Banksia,10,Major Cities of Australia,1,100
119041382,Sans Souci - Ramsgate,10,Major Cities of Australia,1,100
120011383,Concord - Mortlake - Cabarita,10,Major Cities of Australia,1,100
120011384,Concord West - North Strathfield,10,Major Cities of Australia,1,100
120011385,Drummoyne - Rodd Point,10,Major Cities of Australia,1,100
120011386,Five Dock - Abbotsford,10,Major Cities of Australia,1,100
120021387,Balmain,10,Major Cities of Australia,1,100
120021388,Leichhardt - Annandale,10,Major Cities of Australia,1,100
120021389,Lilyfield - Rozelle,10,Major Cities of Australia,1,100
120031390,Ashfield,10,Major Cities of Australia,1,100
120031391,Burwood - Croydon,10,Major Cities of Australia,1,100
120031392,Canterbury (North) - Ashbury,10,Major Cities of Australia,1,100
120031393,Croydon Park - Enfield,10,Major Cities of Australia,1,100
120031394,Dulwich Hill - Lewisham,10,Major Cities of Australia,1,100
120031395,Haberfield - Summer Hill,10,Major Cities of Australia,1,100
120031396,Homebush,10,Major Cities of Australia,1,100
120031575,Strathfield,10,Major Cities of Australia,1,100
120031576,Strathfield South,10,Major Cities of Australia,1,100
121011398,Chatswood (East) - Artarmon,10,Major Cities of Australia,1,100
121011399,Chatswood (West) - Lane Cove North,10,Major Cities of Australia,1,100
121011400,Lane Cove - Greenwich,10,Major Cities of Australia,1,100
121011401,St Leonards - Naremburn,10,Major Cities of Australia,1,100
121011402,Willoughby - Castle Cove - Northbridge,10,Major Cities of Australia,1,100
121021403,Asquith - Mount Colah,10,Major Cities of Australia,1,100
121021404,Berowra - Brooklyn - Cowan,10,Major Cities of Australia,0.8545935,85.459354
121021404,Berowra - Brooklyn - Cowan,11,Inner Regional Australia,0.1454065,14.540646
121021406,Normanhurst - Thornleigh - Westleigh,10,Major Cities of Australia,1,100
121021577,Hornsby - East,10,Major Cities of Australia,1,100
121021578,Hornsby - West,10,Major Cities of Australia,1,100
121021579,Waitara - Wahroonga (West),10,Major Cities of Australia,1,100
121031407,Gordon - Killara,10,Major Cities of Australia,1,100
121031408,Lindfield - Roseville,10,Major Cities of Australia,1,100
121031409,Pymble,10,Major Cities of Australia,1,100
121031410,St Ives,10,Major Cities of Australia,1,100
121031411,Turramurra,10,Major Cities of Australia,1,100
121031412,Wahroonga (East) - Warrawee,10,Major Cities of Australia,1,100
121041413,Cremorne - Cammeray,10,Major Cities of Australia,1,100
121041414,Crows Nest - Waverton,10,Major Cities of Australia,1,100
121041415,Mosman,10,Major Cities of Australia,1,100
121041416,Neutral Bay - Kirribilli,10,Major Cities of Australia,1,100
121041417,North Sydney - Lavender Bay,10,Major Cities of Australia,1,100
122011418,Balgowlah - Clontarf - Seaforth,10,Major Cities of Australia,1,100
122011419,Manly - Fairlight,10,Major Cities of Australia,1,100
122021420,Avalon - Palm Beach,10,Major Cities of Australia,1,100
122021421,Bayview - Elanora Heights,10,Major Cities of Australia,0.9664386,96.6438578
122021421,Bayview - Elanora Heights,11,Inner Regional Australia,0.0335614,3.3561422
122021422,Newport - Bilgola,10,Major Cities of Australia,1,100
122021423,Warriewood - Mona Vale,10,Major Cities of Australia,1,100
122031424,Beacon Hill - Narraweena,10,Major Cities of Australia,1,100
122031425,Cromer,10,Major Cities of Australia,1,100
122031426,Dee Why - North Curl Curl,10,Major Cities of Australia,1,100
122031427,Forestville - Killarney Heights,10,Major Cities of Australia,1,100
122031428,Frenchs Forest - Belrose,10,Major Cities of Australia,1,100
122031429,Freshwater - Brookvale,10,Major Cities of Australia,1,100
122031430,Manly Vale - Allambie Heights,10,Major Cities of Australia,1,100
122031431,Narrabeen - Collaroy,10,Major Cities of Australia,1,100
122031432,Terrey Hills - Duffys Forest,10,Major Cities of Australia,1,100
123011433,Camden - Ellis Lane,10,Major Cities of Australia,1,100
123011434,Elderslie - Harrington Park,10,Major Cities of Australia,1,100
123011435,Mount Annan - Currans Hill,10,Major Cities of Australia,1,100
123021436,Bradbury - Wedderburn,10,Major Cities of Australia,1,100
123021437,Campbelltown - Woodbine,10,Major Cities of Australia,1,100
123021438,Claymore - Eagle Vale - Raby,10,Major Cities of Australia,1,100
123021439,Holsworthy Military Area,10,Major Cities of Australia,1,100
123021440,Ingleburn - Denham Court,10,Major Cities of Australia,1,100
123021441,Leumeah - Minto Heights,10,Major Cities of Australia,1,100
123021442,Macquarie Fields - Glenfield,10,Major Cities of Australia,1,100
123021443,Minto - St Andrews,10,Major Cities of Australia,1,100
123021444,Rosemeadow - Glen Alpine,10,Major Cities of Australia,1,100
123031445,Bargo,11,Inner Regional Australia,1,100
123031446,Douglas Park - Appin,10,Major Cities of Australia,0.1190972,11.9097187
123031446,Douglas Park - Appin,11,Inner Regional Australia,0.8809028,88.0902813
123031447,Picton - Tahmoor - Buxton,11,Inner Regional Australia,1,100
123031448,The Oaks - Oakdale,10,Major Cities of Australia,0.2627241,26.2724134
123031448,The Oaks - Oakdale,11,Inner Regional Australia,0.7372759,73.7275866
124011449,Blackheath - Megalong Valley,11,Inner Regional Australia,1,100
124011450,Blaxland - Warrimoo - Lapstone,10,Major Cities of Australia,1,100
124011451,Blue Mountains - North,11,Inner Regional Australia,1,100
124011452,Katoomba - Leura,10,Major Cities of Australia,0.9502762,95.0276193
124011452,Katoomba - Leura,11,Inner Regional Australia,0.0497238,4.9723807
124011453,Lawson - Hazelbrook - Linden,10,Major Cities of Australia,1,100
124011454,Springwood - Winmalee,10,Major Cities of Australia,1,100
124011455,Wentworth Falls,10,Major Cities of Australia,1,100
124021456,Blue Mountains - South,11,Inner Regional Australia,1,100
124031457,Cambridge Park,10,Major Cities of Australia,1,100
124031458,Castlereagh - Cranebrook,10,Major Cities of Australia,1,100
124031459,Emu Plains - Leonay,10,Major Cities of Australia,1,100
124031460,Glenmore Park - Regentville,10,Major Cities of Australia,1,100
124031461,Jamisontown - South Penrith,10,Major Cities of Australia,1,100
124031462,Kingswood - Werrington,10,Major Cities of Australia,1,100
124031463,Mulgoa - Luddenham - Orchard Hills,10,Major Cities of Australia,0.9178369,91.783692
124031463,Mulgoa - Luddenham - Orchard Hills,11,Inner Regional Australia,0.0821631,8.216308
124031464,Penrith,10,Major Cities of Australia,1,100
124031465,Warragamba - Silverdale,11,Inner Regional Australia,1,100
124041466,Richmond - Clarendon,10,Major Cities of Australia,1,100
124041467,Windsor - Bligh Park,10,Major Cities of Australia,1,100
124041468,Yarramundi - Londonderry,10,Major Cities of Australia,1,100
124051469,Erskine Park,10,Major Cities of Australia,1,100
124051470,St Clair,10,Major Cities of Australia,1,100
124051580,Colyton - Oxley Park,10,Major Cities of Australia,1,100
124051581,St Marys - North St Marys,10,Major Cities of Australia,1,100
125011473,Homebush Bay - Silverwater,10,Major Cities of Australia,1,100
125011475,Rookwood Cemetery,10,Major Cities of Australia,1,100
125011582,Auburn - Central,10,Major Cities of Australia,1,100
125011583,Auburn - North,10,Major Cities of Australia,1,100
125011584,Auburn - South,10,Major Cities of Australia,1,100
125011585,Berala,10,Major Cities of Australia,1,100
125011586,Lidcombe,10,Major Cities of Australia,1,100
125011587,Regents Park,10,Major Cities of Australia,1,100
125021476,Carlingford,10,Major Cities of Australia,1,100
125021477,Ermington - Rydalmere,10,Major Cities of Australia,1,100
125021478,Oatlands - Dundas Valley,10,Major Cities of Australia,1,100
125031479,Chester Hill - Sefton,10,Major Cities of Australia,1,100
125031480,Fairfield - East,10,Major Cities of Australia,1,100
125031481,Granville - Clyde,10,Major Cities of Australia,1,100
125031482,Greystanes - Pemulwuy,10,Major Cities of Australia,1,100
125031483,Guildford - South Granville,10,Major Cities of Australia,1,100
125031484,Guildford West - Merrylands West,10,Major Cities of Australia,1,100
125031485,Merrylands - Holroyd,10,Major Cities of Australia,1,100
125031486,Smithfield Industrial,10,Major Cities of Australia,1,100
125031487,Yennora Industrial,10,Major Cities of Australia,1,100
125041489,North Parramatta,10,Major Cities of Australia,1,100
125041490,North Rocks,10,Major Cities of Australia,1,100
125041491,Northmead,10,Major Cities of Australia,1,100
125041492,Parramatta - Rosehill,10,Major Cities of Australia,1,100
125041493,Toongabbie - Constitution Hill,10,Major Cities of Australia,1,100
125041494,Winston Hills,10,Major Cities of Australia,1,100
125041588,Pendle Hill - Girraween,10,Major Cities of Australia,1,100
125041589,Wentworthville - Westmead,10,Major Cities of Australia,1,100
126011495,Epping - North Epping,10,Major Cities of Australia,1,100
126011496,Pennant Hills - Cheltenham,10,Major Cities of Australia,1,100
126021497,Eastwood - Denistone,10,Major Cities of Australia,1,100
126021498,Gladesville - Huntleys Point,10,Major Cities of Australia,1,100
126021499,Hunters Hill - Woolwich,10,Major Cities of Australia,1,100
126021500,Macquarie Park - Marsfield,10,Major Cities of Australia,1,100
126021501,North Ryde - East Ryde,10,Major Cities of Australia,1,100
126021503,West Ryde - Meadowbank,10,Major Cities of Australia,1,100
126021590,Putney,10,Major Cities of Australia,1,100
126021591,Ryde,10,Major Cities of Australia,1,100
127011504,Ashcroft - Busby - Miller,10,Major Cities of Australia,1,100
127011505,Austral - Greendale,10,Major Cities of Australia,0.9085714,90.8571437
127011505,Austral - Greendale,11,Inner Regional Australia,0.0914286,9.1428563
127011506,Cobbitty - Leppington,10,Major Cities of Australia,1,100
127011592,Badgerys Creek,11,Inner Regional Australia,1,100
127011593,Cecil Hills,10,Major Cities of Australia,1,100
127011594,Green Valley,10,Major Cities of Australia,1,100
127011595,Hinchinbrook,10,Major Cities of Australia,1,100
127011596,Hoxton Park - Carnes Hill - Horningsea Park,10,Major Cities of Australia,1,100
127011597,West Hoxton - Middleton Grange,10,Major Cities of Australia,1,100
127021509,Bonnyrigg Heights - Bonnyrigg,10,Major Cities of Australia,1,100
127021510,Bossley Park - Abbotsbury,10,Major Cities of Australia,1,100
127021511,Cabramatta - Lansvale,10,Major Cities of Australia,1,100
127021512,Cabramatta West - Mount Pritchard,10,Major Cities of Australia,1,100
127021513,Canley Vale - Canley Heights,10,Major Cities of Australia,1,100
127021514,Edensor Park,10,Major Cities of Australia,1,100
127021515,Fairfield,10,Major Cities of Australia,1,100
127021516,Fairfield - West,10,Major Cities of Australia,1,100
127021517,Greenfield Park - Prairiewood,10,Major Cities of Australia,1,100
127021518,Horsley Park - Kemps Creek,10,Major Cities of Australia,1,100
127021519,Smithfield - Wetherill Park,10,Major Cities of Australia,1,100
127021520,St Johns Park - Wakeley,10,Major Cities of Australia,1,100
127021521,Wetherill Park Industrial,10,Major Cities of Australia,1,100
127031522,Casula,10,Major Cities of Australia,1,100
127031523,Chipping Norton - Moorebank,10,Major Cities of Australia,1,100
127031524,Holsworthy - Wattle Grove,10,Major Cities of Australia,1,100
127031598,Liverpool,10,Major Cities of Australia,1,100
127031599,Lurnea - Cartwright,10,Major Cities of Australia,1,100
127031600,Prestons - Edmondson Park,10,Major Cities of Australia,1,100
127031601,Warwick Farm,10,Major Cities of Australia,1,100
128011529,Gymea - Grays Point,10,Major Cities of Australia,1,100
128011530,Miranda - Yowie Bay,10,Major Cities of Australia,1,100
128011531,Sylvania - Taren Point,10,Major Cities of Australia,1,100
128011602,Caringbah,10,Major Cities of Australia,1,100
128011603,Caringbah South,10,Major Cities of Australia,1,100
128011604,Cronulla - Kurnell - Bundeena,10,Major Cities of Australia,0.8966179,89.6617854
128011604,Cronulla - Kurnell - Bundeena,11,Inner Regional Australia,0.1033821,10.3382146
128011605,Lilli Pilli - Port Hacking - Dolans Bay,10,Major Cities of Australia,1,100
128011606,Woolaware - Burraneer,10,Major Cities of Australia,1,100
128021533,Heathcote - Waterfall,10,Major Cities of Australia,0.9229705,92.2970548
128021533,Heathcote - Waterfall,11,Inner Regional Australia,0.0770295,7.7029452
128021534,Illawong - Alfords Point,10,Major Cities of Australia,1,100
128021535,Menai - Lucas Heights - Woronora,10,Major Cities of Australia,1,100
128021536,Oyster Bay - Como - Jannali,10,Major Cities of Australia,1,100
128021537,Royal National Park,11,Inner Regional Australia,1,100
128021538,Sutherland - Kirrawee,10,Major Cities of Australia,1,100
128021607,Engadine,10,Major Cities of Australia,1,100
128021608,Loftus - Yarrawarrah,10,Major Cities of Australia,1,100
128021609,Woronora Heights,10,Major Cities of Australia,1,100
201011001,Alfredton,21,Inner Regional Australia,1,100
201011002,Ballarat,21,Inner Regional Australia,1,100
201011003,Ballarat - North,21,Inner Regional Australia,1,100
201011004,Ballarat - South,21,Inner Regional Australia,1,100
201011005,Buninyong,21,Inner Regional Australia,1,100
201011006,Delacombe,21,Inner Regional Australia,1,100
201011007,Smythes Creek,21,Inner Regional Australia,1,100
201011008,Wendouree - Miners Rest,21,Inner Regional Australia,1,100
201021009,Bacchus Marsh Region,21,Inner Regional Australia,1,100
201021010,Creswick - Clunes,21,Inner Regional Australia,1,100
201021011,Daylesford,21,Inner Regional Australia,1,100
201021012,Gordon (Vic.),21,Inner Regional Australia,1,100
201031013,Avoca,21,Inner Regional Australia,0.9241965,92.4196478
201031013,Avoca,22,Outer Regional Australia,0.0758035,7.5803522
201031014,Beaufort,21,Inner Regional Australia,1,100
201031015,Golden Plains - North,21,Inner Regional Australia,1,100
201031016,Maryborough (Vic.),21,Inner Regional Australia,1,100
201031017,Maryborough Region,21,Inner Regional Australia,1,100
202011018,Bendigo,21,Inner Regional Australia,1,100
202011019,California Gully - Eaglehawk,21,Inner Regional Australia,1,100
202011020,East Bendigo - Kennington,21,Inner Regional Australia,1,100
202011021,Flora Hill - Spring Gully,21,Inner Regional Australia,1,100
202011022,Kangaroo Flat - Golden Square,21,Inner Regional Australia,1,100
202011023,Maiden Gully,21,Inner Regional Australia,1,100
202011024,Strathfieldsaye,21,Inner Regional Australia,1,100
202011025,White Hills - Ascot,21,Inner Regional Australia,1,100
202021026,Bendigo Region - South,21,Inner Regional Australia,1,100
202021027,Castlemaine,21,Inner Regional Australia,1,100
202021028,Castlemaine Region,21,Inner Regional Australia,1,100
202021029,Heathcote,21,Inner Regional Australia,1,100
202021030,Kyneton,21,Inner Regional Australia,1,100
202021031,Woodend,21,Inner Regional Australia,1,100
202031032,Bendigo Region - North,21,Inner Regional Australia,1,100
202031033,Loddon,21,Inner Regional Australia,0.3735785,37.3578516
202031033,Loddon,22,Outer Regional Australia,0.6264215,62.6421484
203011034,Bannockburn,21,Inner Regional Australia,1,100
203011035,Golden Plains - South,21,Inner Regional Australia,1,100
203011036,Winchelsea,21,Inner Regional Australia,1,100
203021037,Belmont,20,Major Cities of Australia,1,100
203021038,Corio - Norlane,20,Major Cities of Australia,0.9939256,99.3925586
203021038,Corio - Norlane,21,Inner Regional Australia,0.0060744,0.6074414
203021039,Geelong,20,Major Cities of Australia,1,100
203021040,Geelong West - Hamlyn Heights,20,Major Cities of Australia,1,100
203021041,Grovedale,20,Major Cities of Australia,0.9808791,98.0879141
203021041,Grovedale,21,Inner Regional Australia,0.0191209,1.9120859
203021042,Highton,20,Major Cities of Australia,0.9841492,98.4149211
203021042,Highton,21,Inner Regional Australia,0.0158508,1.5850789
203021043,Lara,20,Major Cities of Australia,0.8624482,86.2448216
203021043,Lara,21,Inner Regional Australia,0.1375518,13.7551784
203021044,Leopold,20,Major Cities of Australia,0.9468889,94.6888852
203021044,Leopold,21,Inner Regional Australia,0.0531111,5.3111148
203021045,Newcomb - Moolap,20,Major Cities of Australia,1,100
203021046,Newtown (Vic.),20,Major Cities of Australia,1,100
203021047,North Geelong - Bell Park,20,Major Cities of Australia,0.9830589,98.3058946
203021047,North Geelong - Bell Park,21,Inner Regional Australia,0.0169411,1.6941054
203031048,Clifton Springs,21,Inner Regional Australia,1,100
203031049,Lorne - Anglesea,21,Inner Regional Australia,1,100
203031050,Ocean Grove - Barwon Heads,20,Major Cities of Australia,0.1283101,12.8310103
203031050,Ocean Grove - Barwon Heads,21,Inner Regional Australia,0.8716899,87.1689897
203031051,Portarlington,21,Inner Regional Australia,1,100
203031052,Point Lonsdale - Queenscliff,21,Inner Regional Australia,1,100
203031053,Torquay,20,Major Cities of Australia,0.0223382,2.2338178
203031053,Torquay,21,Inner Regional Australia,0.9776618,97.7661822
204011054,Alexandra,21,Inner Regional Australia,0.8396717,83.9671658
204011054,Alexandra,22,Outer Regional Australia,0.1603283,16.0328342
204011055,Euroa,21,Inner Regional Australia,1,100
204011056,Kilmore - Broadford,21,Inner Regional Australia,1,100
204011057,Mansfield (Vic.),22,Outer Regional Australia,1,100
204011058,Nagambie,21,Inner Regional Australia,1,100
204011059,Seymour,21,Inner Regional Australia,1,100
204011060,Seymour Region,21,Inner Regional Australia,1,100
204011061,Upper Yarra Valley,21,Inner Regional Australia,1,100
204011062,Yea,21,Inner Regional Australia,1,100
204021063,Benalla,21,Inner Regional Australia,1,100
204021064,Benalla Region,21,Inner Regional Australia,0.9010258,90.1025779
204021064,Benalla Region,22,Outer Regional Australia,0.0989742,9.8974221
204021065,Rutherglen,21,Inner Regional Australia,1,100
204021066,Wangaratta,21,Inner Regional Australia,1,100
204021067,Wangaratta Region,21,Inner Regional Australia,0.8976073,89.760733
204021067,Wangaratta Region,22,Outer Regional Australia,0.1023927,10.239267
204031068,Beechworth,21,Inner Regional Australia,1,100
204031069,Bright - Mount Beauty,21,Inner Regional Australia,0.2819063,28.1906323
204031069,Bright - Mount Beauty,22,Outer Regional Australia,0.7180937,71.8093677
204031070,Chiltern - Indigo Valley,21,Inner Regional Australia,1,100
204031071,Myrtleford,21,Inner Regional Australia,1,100
204031072,Towong,21,Inner Regional Australia,0.2019725,20.1972498
204031072,Towong,22,Outer Regional Australia,0.7980275,79.8027502
204031073,West Wodonga,21,Inner Regional Australia,1,100
204031074,Wodonga,21,Inner Regional Australia,1,100
204031075,Yackandandah,21,Inner Regional Australia,1,100
205011076,Drouin,21,Inner Regional Australia,1,100
205011077,Mount Baw Baw Region,21,Inner Regional Australia,0.9946613,99.4661304
205011077,Mount Baw Baw Region,22,Outer Regional Australia,0.0053387,0.5338696
205011078,Trafalgar (Vic.),21,Inner Regional Australia,1,100
205011079,Warragul,21,Inner Regional Australia,1,100
205021080,Alps - East,22,Outer Regional Australia,1,100
205021081,Bairnsdale,22,Outer Regional Australia,1,100
205021082,Bruthen - Omeo,22,Outer Regional Australia,1,100
205021083,Lake King,22,Outer Regional Australia,1,100
205021084,Lakes Entrance,22,Outer Regional Australia,1,100
205021085,Orbost,22,Outer Regional Australia,0.7482675,74.8267516
205021085,Orbost,23,Remote Australia,0.2517325,25.1732484
205021086,Paynesville,22,Outer Regional Australia,1,100
205031087,Foster,21,Inner Regional Australia,0.8322032,83.2203198
205031087,Foster,22,Outer Regional Australia,0.1677968,16.7796802
205031088,French Island,22,Outer Regional Australia,1,100
205031089,Korumburra,21,Inner Regional Australia,1,100
205031090,Leongatha,21,Inner Regional Australia,1,100
205031091,Phillip Island,21,Inner Regional Australia,1,100
205031092,Wilsons Promontory,22,Outer Regional Australia,1,100
205031093,Wonthaggi - Inverloch,21,Inner Regional Australia,1,100
205041094,Churchill,21,Inner Regional Australia,1,100
205041095,Moe - Newborough,21,Inner Regional Australia,1,100
205041096,Morwell,21,Inner Regional Australia,1,100
205041097,Traralgon,21,Inner Regional Australia,1,100
205041098,Yallourn North - Glengarry,21,Inner Regional Australia,1,100
205051099,Alps - West,22,Outer Regional Australia,1,100
205051100,Longford - Loch Sport,21,Inner Regional Australia,0.4902455,49.0245546
205051100,Longford - Loch Sport,22,Outer Regional Australia,0.5097545,50.9754454
205051101,Maffra,21,Inner Regional Australia,0.8499603,84.9960306
205051101,Maffra,22,Outer Regional Australia,0.1500397,15.0039694
205051102,Rosedale,21,Inner Regional Australia,1,100
205051103,Sale,21,Inner Regional Australia,1,100
205051104,Yarram,21,Inner Regional Australia,0.722785,72.2785048
205051104,Yarram,22,Outer Regional Australia,0.2772148,27.7214785
206011105,Brunswick,20,Major Cities of Australia,1,100
206011106,Brunswick East,20,Major Cities of Australia,1,100
206011107,Brunswick West,20,Major Cities of Australia,1,100
206011108,Coburg,20,Major Cities of Australia,1,100
206011109,Pascoe Vale South,20,Major Cities of Australia,1,100
206021110,Alphington - Fairfield,20,Major Cities of Australia,1,100
206021111,Northcote,20,Major Cities of Australia,1,100
206021112,Thornbury,20,Major Cities of Australia,1,100
206031113,Ascot Vale,20,Major Cities of Australia,1,100
206031114,Essendon - Aberfeldie,20,Major Cities of Australia,1,100
206031115,Flemington,20,Major Cities of Australia,1,100
206031116,Moonee Ponds,20,Major Cities of Australia,1,100
206041117,Carlton,20,Major Cities of Australia,1,100
206041118,Docklands,20,Major Cities of Australia,1,100
206041119,East Melbourne,20,Major Cities of Australia,1,100
206041120,Flemington Racecourse,20,Major Cities of Australia,1,100
206041121,Kensington (Vic.),20,Major Cities of Australia,1,100
206041122,Melbourne,20,Major Cities of Australia,1,100
206041123,North Melbourne,20,Major Cities of Australia,1,100
206041124,Parkville,20,Major Cities of Australia,1,100
206041125,South Yarra - West,20,Major Cities of Australia,1,100
206041126,Southbank,20,Major Cities of Australia,1,100
206041127,West Melbourne,20,Major Cities of Australia,1,100
206051128,Albert Park,20,Major Cities of Australia,1,100
206051129,Elwood,20,Major Cities of Australia,1,100
206051130,Port Melbourne,20,Major Cities of Australia,1,100
206051131,Port Melbourne Industrial,20,Major Cities of Australia,1,100
206051132,South Melbourne,20,Major Cities of Australia,1,100
206051133,St Kilda,20,Major Cities of Australia,1,100
206051134,St Kilda East,20,Major Cities of Australia,1,100
206061135,Armadale,20,Major Cities of Australia,1,100
206061136,Prahran - Windsor,20,Major Cities of Australia,1,100
206061137,South Yarra - East,20,Major Cities of Australia,1,100
206061138,Toorak,20,Major Cities of Australia,1,100
206071139,Abbotsford,20,Major Cities of Australia,1,100
206071140,Carlton North - Princes Hill,20,Major Cities of Australia,1,100
206071141,Collingwood,20,Major Cities of Australia,1,100
206071142,Fitzroy,20,Major Cities of Australia,1,100
206071143,Fitzroy North,20,Major Cities of Australia,1,100
206071144,Richmond (Vic.),20,Major Cities of Australia,1,100
206071145,Yarra - North,20,Major Cities of Australia,1,100
207011146,Ashburton (Vic.),20,Major Cities of Australia,1,100
207011147,Balwyn,20,Major Cities of Australia,1,100
207011148,Balwyn North,20,Major Cities of Australia,1,100
207011149,Camberwell,20,Major Cities of Australia,1,100
207011150,Glen Iris - East,20,Major Cities of Australia,1,100
207011151,Hawthorn,20,Major Cities of Australia,1,100
207011152,Hawthorn East,20,Major Cities of Australia,1,100
207011153,Kew,20,Major Cities of Australia,1,100
207011154,Kew East,20,Major Cities of Australia,1,100
207011155,Surrey Hills (West) - Canterbury,20,Major Cities of Australia,1,100
207021156,Bulleen,20,Major Cities of Australia,1,100
207021157,Doncaster,20,Major Cities of Australia,1,100
207021159,Templestowe,20,Major Cities of Australia,1,100
207021160,Templestowe Lower,20,Major Cities of Australia,1,100
207021424,Doncaster East (North),20,Major Cities of Australia,1,100
207021425,Doncaster East (South),20,Major Cities of Australia,1,100
207031161,Blackburn,20,Major Cities of Australia,1,100
207031162,Blackburn South,20,Major Cities of Australia,1,100
207031163,Box Hill,20,Major Cities of Australia,1,100
207031164,Box Hill North,20,Major Cities of Australia,1,100
207031165,Burwood,20,Major Cities of Australia,1,100
207031166,Burwood East,20,Major Cities of Australia,1,100
207031167,Surrey Hills (East) - Mont Albert,20,Major Cities of Australia,1,100
208011168,Beaumaris,20,Major Cities of Australia,1,100
208011169,Brighton (Vic.),20,Major Cities of Australia,1,100
208011170,Brighton East,20,Major Cities of Australia,1,100
208011171,Cheltenham - Highett (West),20,Major Cities of Australia,1,100
208011172,Hampton,20,Major Cities of Australia,1,100
208011173,Sandringham - Black Rock,20,Major Cities of Australia,1,100
208021174,Bentleigh - McKinnon,20,Major Cities of Australia,1,100
208021176,Carnegie,20,Major Cities of Australia,1,100
208021177,Caulfield - North,20,Major Cities of Australia,1,100
208021178,Caulfield - South,20,Major Cities of Australia,1,100
208021179,Elsternwick,20,Major Cities of Australia,1,100
208021180,Hughesdale,20,Major Cities of Australia,1,100
208021181,Murrumbeena,20,Major Cities of Australia,1,100
208021182,Ormond - Glen Huntly,20,Major Cities of Australia,1,100
208021426,Bentleigh East (North),20,Major Cities of Australia,1,100
208021427,Bentleigh East (South),20,Major Cities of Australia,1,100
208031183,Aspendale Gardens - Waterways,20,Major Cities of Australia,1,100
208031184,Braeside,20,Major Cities of Australia,1,100
208031185,Carrum - Patterson Lakes,20,Major Cities of Australia,1,100
208031186,Chelsea - Bonbeach,20,Major Cities of Australia,1,100
208031187,Chelsea Heights,20,Major Cities of Australia,1,100
208031188,Cheltenham - Highett (East),20,Major Cities of Australia,1,100
208031189,Edithvale - Aspendale,20,Major Cities of Australia,1,100
208031190,Mentone,20,Major Cities of Australia,1,100
208031191,Moorabbin - Heatherton,20,Major Cities of Australia,1,100
208031192,Moorabbin Airport,20,Major Cities of Australia,1,100
208031193,Mordialloc - Parkdale,20,Major Cities of Australia,1,100
208041194,Malvern - Glen Iris,20,Major Cities of Australia,1,100
208041195,Malvern East,20,Major Cities of Australia,1,100
209011196,Bundoora - East,20,Major Cities of Australia,1,100
209011197,Greensborough,20,Major Cities of Australia,1,100
209011198,Heidelberg - Rosanna,20,Major Cities of Australia,1,100
209011199,Heidelberg West,20,Major Cities of Australia,1,100
209011200,Ivanhoe,20,Major Cities of Australia,1,100
209011201,Ivanhoe East - Eaglemont,20,Major Cities of Australia,1,100
209011202,Montmorency - Briar Hill,20,Major Cities of Australia,1,100
209011203,Viewbank - Yallambie,20,Major Cities of Australia,1,100
209011204,Watsonia,20,Major Cities of Australia,1,100
209021205,Kingsbury,20,Major Cities of Australia,1,100
209021207,Reservoir - East,20,Major Cities of Australia,1,100
209021208,Reservoir - West,20,Major Cities of Australia,1,100
209021428,Preston - East,20,Major Cities of Australia,1,100
209021429,Preston - West,20,Major Cities of Australia,1,100
209031209,Eltham,20,Major Cities of Australia,1,100
209031210,Hurstbridge,20,Major Cities of Australia,1,100
209031211,Kinglake,21,Inner Regional Australia,1,100
209031212,Panton Hill - St Andrews,20,Major Cities of Australia,0.2978311,29.783115
209031212,Panton Hill - St Andrews,21,Inner Regional Australia,0.7021689,70.216885
209031213,Plenty - Yarrambat,20,Major Cities of Australia,1,100
209031214,Research - North Warrandyte,20,Major Cities of Australia,1,100
209031215,Wattle Glen - Diamond Creek,20,Major Cities of Australia,1,100
209041216,Bundoora - North,20,Major Cities of Australia,1,100
209041217,Bundoora - West,20,Major Cities of Australia,1,100
209041219,Lalor,20,Major Cities of Australia,1,100
209041220,Mill Park - North,20,Major Cities of Australia,1,100
209041221,Mill Park - South,20,Major Cities of Australia,1,100
209041223,Thomastown,20,Major Cities of Australia,1,100
209041224,Wallan,20,Major Cities of Australia,0.6421831,64.2183116
209041224,Wallan,21,Inner Regional Australia,0.3578169,35.7816884
209041225,Whittlesea,20,Major Cities of Australia,0.0722195,7.2219527
209041225,Whittlesea,21,Inner Regional Australia,0.9277805,92.7780473
209041430,Doreen,20,Major Cities of Australia,1,100
209041431,Epping - East,20,Major Cities of Australia,1,100
209041432,Epping - South,20,Major Cities of Australia,1,100
209041433,Epping - West,20,Major Cities of Australia,1,100
209041434,Mernda,20,Major Cities of Australia,1,100
209041435,South Morang (North),20,Major Cities of Australia,1,100
209041436,South Morang (South),20,Major Cities of Australia,1,100
209041437,Wollert,20,Major Cities of Australia,1,100
210011226,Airport West,20,Major Cities of Australia,1,100
210011227,Essendon Airport,20,Major Cities of Australia,1,100
210011228,Keilor,20,Major Cities of Australia,1,100
210011229,Keilor East,20,Major Cities of Australia,1,100
210011230,Niddrie - Essendon West,20,Major Cities of Australia,1,100
210011231,Strathmore,20,Major Cities of Australia,1,100
210021232,Gisborne,21,Inner Regional Australia,1,100
210021233,Macedon,21,Inner Regional Australia,1,100
210021234,Riddells Creek,21,Inner Regional Australia,1,100
210021235,Romsey,21,Inner Regional Australia,1,100
210031236,Coburg North,20,Major Cities of Australia,1,100
210031237,Fawkner,20,Major Cities of Australia,1,100
210031239,Pascoe Vale,20,Major Cities of Australia,1,100
210031438,Glenroy,20,Major Cities of Australia,1,100
210031439,Gowanbrae,20,Major Cities of Australia,1,100
210031440,Hadfield,20,Major Cities of Australia,1,100
210041240,Sunbury,20,Major Cities of Australia,0.9691305,96.9130458
210041240,Sunbury,21,Inner Regional Australia,0.0308695,3.0869542
210041241,Sunbury - South,20,Major Cities of Australia,0.9886496,98.8649613
210041241,Sunbury - South,21,Inner Regional Australia,0.0113504,1.1350387
210051242,Broadmeadows,20,Major Cities of Australia,1,100
210051243,Campbellfield - Coolaroo,20,Major Cities of Australia,1,100
210051245,Gladstone Park - Westmeadows,20,Major Cities of Australia,1,100
210051246,Greenvale - Bulla,20,Major Cities of Australia,1,100
210051247,Meadow Heights,20,Major Cities of Australia,1,100
210051248,Melbourne Airport,20,Major Cities of Australia,1,100
210051249,Roxburgh Park - Somerton,20,Major Cities of Australia,1,100
210051250,Tullamarine,20,Major Cities of Australia,1,100
210051441,Craigieburn - Central,20,Major Cities of Australia,1,100
210051442,Craigieburn - North,20,Major Cities of Australia,1,100
210051443,Craigieburn - South,20,Major Cities of Australia,1,100
210051444,Craigieburn - West,20,Major Cities of Australia,1,100
210051445,Mickleham - Yuroke,20,Major Cities of Australia,1,100
211011251,Bayswater,20,Major Cities of Australia,1,100
211011254,Knoxfield - Scoresby,20,Major Cities of Australia,1,100
211011255,Lysterfield,20,Major Cities of Australia,1,100
211011256,Rowville - Central,20,Major Cities of Australia,1,100
211011257,Rowville - North,20,Major Cities of Australia,1,100
211011258,Rowville - South,20,Major Cities of Australia,1,100
211011259,Wantirna,20,Major Cities of Australia,1,100
211011260,Wantirna South,20,Major Cities of Australia,1,100
211011446,Boronia,20,Major Cities of Australia,1,100
211011447,Ferntree Gully (North),20,Major Cities of Australia,1,100
211011448,Ferntree Gully (South) - Upper Ferntree Gully,20,Major Cities of Australia,1,100
211011449,The Basin,20,Major Cities of Australia,1,100
211021261,Donvale - Park Orchards,20,Major Cities of Australia,1,100
211021262,Warrandyte - Wonga Park,20,Major Cities of Australia,0.9810926,98.109264
211021262,Warrandyte - Wonga Park,21,Inner Regional Australia,0.0189074,1.890736
211031263,Bayswater North,20,Major Cities of Australia,1,100
211031265,Croydon Hills - Warranwood,20,Major Cities of Australia,1,100
211031266,Ringwood,20,Major Cities of Australia,1,100
211031267,Ringwood East,20,Major Cities of Australia,1,100
211031268,Ringwood North,20,Major Cities of Australia,1,100
211031450,Croydon - East,20,Major Cities of Australia,1,100
211031451,Croydon - West,20,Major Cities of Australia,1,100
211031452,Croydon South,20,Major Cities of Australia,1,100
211041269,Forest Hill,20,Major Cities of Australia,1,100
211041270,Mitcham (Vic.),20,Major Cities of Australia,1,100
211041271,Nunawading,20,Major Cities of Australia,1,100
211041272,Vermont,20,Major Cities of Australia,1,100
211041273,Vermont South,20,Major Cities of Australia,1,100
211051274,Belgrave - Selby,20,Major Cities of Australia,1,100
211051275,Chirnside Park,20,Major Cities of Australia,1,100
211051276,Healesville - Yarra Glen,21,Inner Regional Australia,1,100
211051277,Kilsyth,20,Major Cities of Australia,1,100
211051278,Lilydale - Coldstream,20,Major Cities of Australia,0.9826923,98.2692307
211051278,Lilydale - Coldstream,21,Inner Regional Australia,0.0173077,1.7307693
211051279,Monbulk - Silvan,20,Major Cities of Australia,1,100
211051280,Montrose,20,Major Cities of Australia,1,100
211051281,Mooroolbark,20,Major Cities of Australia,1,100
211051282,Mount Dandenong - Olinda,20,Major Cities of Australia,1,100
211051283,Mount Evelyn,20,Major Cities of Australia,1,100
211051284,Upwey - Tecoma,20,Major Cities of Australia,1,100
211051285,Wandin - Seville,20,Major Cities of Australia,0.8667976,86.6797618
211051285,Wandin - Seville,21,Inner Regional Australia,0.1332024,13.3202382
211051286,Yarra Valley,21,Inner Regional Australia,1,100
212011287,Beaconsfield - Officer,20,Major Cities of Australia,1,100
212011288,Bunyip - Garfield,21,Inner Regional Australia,1,100
212011289,Emerald - Cockatoo,20,Major Cities of Australia,0.9044763,90.4476314
212011289,Emerald - Cockatoo,21,Inner Regional Australia,0.0955237,9.5523686
212011290,Koo Wee Rup,21,Inner Regional Australia,1,100
212011291,Pakenham - North,20,Major Cities of Australia,1,100
212011292,Pakenham - South,20,Major Cities of Australia,0.9931747,99.3174659
212011292,Pakenham - South,21,Inner Regional Australia,0.0068253,0.6825341
212021293,Berwick - North,20,Major Cities of Australia,1,100
212021294,Berwick - South,20,Major Cities of Australia,1,100
212021295,Doveton,20,Major Cities of Australia,1,100
212021297,Hallam,20,Major Cities of Australia,1,100
212021299,Narre Warren North,20,Major Cities of Australia,1,100
212021453,Endeavour Hills - North,20,Major Cities of Australia,1,100
212021454,Endeavour Hills - South,20,Major Cities of Australia,1,100
212021455,Narre Warren - North East,20,Major Cities of Australia,1,100
212021456,Narre Warren - South West,20,Major Cities of Australia,1,100
212031300,Cranbourne,20,Major Cities of Australia,1,100
212031301,Cranbourne East,20,Major Cities of Australia,1,100
212031302,Cranbourne North,20,Major Cities of Australia,1,100
212031303,Cranbourne South,20,Major Cities of Australia,1,100
212031304,Cranbourne West,20,Major Cities of Australia,1,100
212031305,Hampton Park - Lynbrook,20,Major Cities of Australia,1,100
212031306,Lynbrook - Lyndhurst,20,Major Cities of Australia,1,100
212031308,Pearcedale - Tooradin,20,Major Cities of Australia,0.6267459,62.6745933
212031308,Pearcedale - Tooradin,21,Inner Regional Australia,0.3732541,37.3254067
212031457,Narre Warren South (East),20,Major Cities of Australia,1,100
212031458,Narre Warren South (West),20,Major Cities of Australia,1,100
212041309,Clarinda - Oakleigh South,20,Major Cities of Australia,1,100
212041310,Clayton South,20,Major Cities of Australia,1,100
212041311,Dandenong,20,Major Cities of Australia,1,100
212041312,Dandenong North,20,Major Cities of Australia,1,100
212041313,Dingley Village,20,Major Cities of Australia,1,100
212041314,Keysborough,20,Major Cities of Australia,1,100
212041316,Noble Park North,20,Major Cities of Australia,1,100
212041317,Springvale,20,Major Cities of Australia,1,100
212041318,Springvale South,20,Major Cities of Australia,1,100
212041459,Noble Park - East,20,Major Cities of Australia,1,100
212041460,Noble Park - West,20,Major Cities of Australia,1,100
212051319,Ashwood - Chadstone,20,Major Cities of Australia,1,100
212051320,Clayton,20,Major Cities of Australia,1,100
212051321,Glen Waverley - East,20,Major Cities of Australia,1,100
212051322,Glen Waverley - West,20,Major Cities of Australia,1,100
212051323,Mount Waverley - North,20,Major Cities of Australia,1,100
212051324,Mount Waverley - South,20,Major Cities of Australia,1,100
212051325,Mulgrave,20,Major Cities of Australia,1,100
212051326,Oakleigh - Huntingdale,20,Major Cities of Australia,1,100
212051327,Wheelers Hill,20,Major Cities of Australia,1,100
213011328,Ardeer - Albion,20,Major Cities of Australia,1,100
213011329,Cairnlea,20,Major Cities of Australia,1,100
213011330,Deer Park - Derrimut,20,Major Cities of Australia,1,100
213011331,Delahey,20,Major Cities of Australia,1,100
213011332,Keilor Downs,20,Major Cities of Australia,1,100
213011333,Kings Park (Vic.),20,Major Cities of Australia,1,100
213011334,St Albans - North,20,Major Cities of Australia,1,100
213011335,St Albans - South,20,Major Cities of Australia,1,100
213011336,Sunshine,20,Major Cities of Australia,1,100
213011337,Sunshine North,20,Major Cities of Australia,1,100
213011338,Sunshine West,20,Major Cities of Australia,1,100
213011339,Sydenham,20,Major Cities of Australia,1,100
213011340,Taylors Lakes,20,Major Cities of Australia,1,100
213021341,Altona,20,Major Cities of Australia,1,100
213021342,Altona Meadows,20,Major Cities of Australia,1,100
213021343,Altona North,20,Major Cities of Australia,1,100
213021344,Newport,20,Major Cities of Australia,1,100
213021345,Seabrook,20,Major Cities of Australia,1,100
213021346,Williamstown,20,Major Cities of Australia,1,100
213031347,Braybrook,20,Major Cities of Australia,1,100
213031348,Footscray,20,Major Cities of Australia,1,100
213031349,Maribyrnong,20,Major Cities of Australia,1,100
213031350,Seddon - Kingsville,20,Major Cities of Australia,1,100
213031351,West Footscray - Tottenham,20,Major Cities of Australia,1,100
213031352,Yarraville,20,Major Cities of Australia,1,100
213041353,Bacchus Marsh,20,Major Cities of Australia,0.907131,90.7130983
213041353,Bacchus Marsh,21,Inner Regional Australia,0.092869,9.2869017
213041355,Hillside,20,Major Cities of Australia,1,100
213041356,Melton,20,Major Cities of Australia,0.978316,97.8316045
213041356,Melton,21,Inner Regional Australia,0.021684,2.1683955
213041357,Melton South,20,Major Cities of Australia,0.8847384,88.4738357
213041357,Melton South,21,Inner Regional Australia,0.1152616,11.5261643
213041358,Melton West,20,Major Cities of Australia,1,100
213041359,Rockbank - Mount Cottrell,20,Major Cities of Australia,1,100
213041360,Taylors Hill,20,Major Cities of Australia,1,100
213041461,Burnside,20,Major Cities of Australia,1,100
213041462,Burnside Heights,20,Major Cities of Australia,1,100
213041463,Caroline Springs,20,Major Cities of Australia,1,100
213051361,Hoppers Crossing - North,20,Major Cities of Australia,1,100
213051362,Hoppers Crossing - South,20,Major Cities of Australia,1,100
213051363,Laverton,20,Major Cities of Australia,1,100
213051365,Tarneit,20,Major Cities of Australia,1,100
213051366,Truganina,20,Major Cities of Australia,1,100
213051368,Werribee - South,20,Major Cities of Australia,0.8932814,89.3281386
213051368,Werribee - South,21,Inner Regional Australia,0.1067186,10.6718614
213051369,Wyndham Vale,20,Major Cities of Australia,0.9910223,99.1022275
213051369,Wyndham Vale,21,Inner Regional Australia,0.0089777,0.8977725
213051464,Point Cook - East,20,Major Cities of Australia,1,100
213051465,Point Cook - North,20,Major Cities of Australia,1,100
213051466,Point Cook - South,20,Major Cities of Australia,1,100
213051467,Werribee - East,20,Major Cities of Australia,1,100
213051468,Werribee - West,20,Major Cities of Australia,0.8635364,86.3536428
213051468,Werribee - West,21,Inner Regional Australia,0.1364636,13.6463572
214011370,Carrum Downs,20,Major Cities of Australia,1,100
214011371,Frankston,20,Major Cities of Australia,1,100
214011372,Frankston North,20,Major Cities of Australia,1,100
214011373,Frankston South,20,Major Cities of Australia,1,100
214011374,Langwarrin,20,Major Cities of Australia,1,100
214011375,Seaford (Vic.),20,Major Cities of Australia,1,100
214011376,Skye - Sandhurst,20,Major Cities of Australia,1,100
214021377,Dromana,20,Major Cities of Australia,1,100
214021378,Flinders,20,Major Cities of Australia,0.0994054,9.9405361
214021378,Flinders,21,Inner Regional Australia,0.9005946,90.0594639
214021379,Hastings - Somers,20,Major Cities of Australia,1,100
214021380,Mornington,20,Major Cities of Australia,1,100
214021381,Mount Eliza,20,Major Cities of Australia,1,100
214021382,Mount Martha,20,Major Cities of Australia,1,100
214021383,Point Nepean,20,Major Cities of Australia,1,100
214021384,Rosebud - McCrae,20,Major Cities of Australia,1,100
214021385,Somerville,20,Major Cities of Australia,1,100
215011386,Ararat,21,Inner Regional Australia,1,100
215011387,Ararat Region,21,Inner Regional Australia,0.3941213,39.4121347
215011387,Ararat Region,22,Outer Regional Australia,0.6058787,60.5878653
215011388,Horsham,22,Outer Regional Australia,1,100
215011389,Horsham Region,22,Outer Regional Australia,1,100
215011390,Nhill Region,22,Outer Regional Australia,0.8942307,89.4230654
215011390,Nhill Region,23,Remote Australia,0.1057693,10.5769346
215011391,St Arnaud,22,Outer Regional Australia,1,100
215011392,Stawell,21,Inner Regional Australia,0.8920952,89.2095183
215011392,Stawell,22,Outer Regional Australia,0.1079048,10.7904817
215011393,West Wimmera,22,Outer Regional Australia,1,100
215011394,Yarriambiack,22,Outer Regional Australia,1,100
215021395,Irymple,22,Outer Regional Australia,1,100
215021396,Merbein,22,Outer Regional Australia,1,100
215021398,Mildura Region,22,Outer Regional Australia,0.8137204,81.3720374
215021398,Mildura Region,23,Remote Australia,0.1862796,18.6279626
215021399,Red Cliffs,22,Outer Regional Australia,1,100
215021469,Mildura - North,22,Outer Regional Australia,1,100
215021470,Mildura - South,22,Outer Regional Australia,1,100
215031400,Buloke,22,Outer Regional Australia,1,100
215031401,Gannawarra,22,Outer Regional Australia,1,100
215031402,Kerang,22,Outer Regional Australia,1,100
215031403,Robinvale,22,Outer Regional Australia,1,100
215031404,Swan Hill,22,Outer Regional Australia,1,100
215031405,Swan Hill Region,22,Outer Regional Australia,1,100
216011406,Echuca,21,Inner Regional Australia,1,100
216011407,Kyabram,21,Inner Regional Australia,1,100
216011408,Lockington - Gunbower,21,Inner Regional Australia,0.8561698,85.616981
216011408,Lockington - Gunbower,22,Outer Regional Australia,0.1438302,14.383019
216011409,Rochester,21,Inner Regional Australia,1,100
216011410,Rushworth,21,Inner Regional Australia,1,100
216021411,Cobram,21,Inner Regional Australia,1,100
216021412,Moira,21,Inner Regional Australia,1,100
216021413,Numurkah,21,Inner Regional Australia,0.9240755,92.4075474
216021413,Numurkah,22,Outer Regional Australia,0.0759245,7.5924526
216021414,Yarrawonga,21,Inner Regional Australia,1,100
216031415,Mooroopna,21,Inner Regional Australia,1,100
216031416,Shepparton - North,21,Inner Regional Australia,1,100
216031417,Shepparton - South,21,Inner Regional Australia,1,100
216031418,Shepparton Region - East,21,Inner Regional Australia,1,100
216031419,Shepparton Region - West,21,Inner Regional Australia,1,100
217011420,Glenelg (Vic.),22,Outer Regional Australia,1,100
217011421,Hamilton (Vic.),21,Inner Regional Australia,1,100
217011422,Portland,22,Outer Regional Australia,1,100
217011423,Southern Grampians,21,Inner Regional Australia,0.0706737,7.0673724
217011423,Southern Grampians,22,Outer Regional Australia,0.9293263,92.9326276
217031471,Camperdown,21,Inner Regional Australia,1,100
217031472,Colac,21,Inner Regional Australia,1,100
217031473,Colac Region,21,Inner Regional Australia,1,100
217031474,Corangamite - North,21,Inner Regional Australia,0.7994424,79.9442387
217031474,Corangamite - North,22,Outer Regional Australia,0.2005576,20.0557613
217031475,Corangamite - South,21,Inner Regional Australia,0.513007,51.3007005
217031475,Corangamite - South,22,Outer Regional Australia,0.486993,48.6992995
217031476,Otway,21,Inner Regional Australia,0.8264195,82.6419465
217031476,Otway,22,Outer Regional Australia,0.1735805,17.3580535
217041477,Moyne - East,21,Inner Regional Australia,0.8377768,83.7776766
217041477,Moyne - East,22,Outer Regional Australia,0.1622232,16.2223234
217041478,Moyne - West,21,Inner Regional Australia,0.8200445,82.0044535
217041478,Moyne - West,22,Outer Regional Australia,0.1799555,17.9955465
217041479,Warrnambool - North,21,Inner Regional Australia,1,100
217041480,Warrnambool - South,21,Inner Regional Australia,1,100
301011001,Alexandra Hills,30,Major Cities of Australia,1,100
301011002,Belmont - Gumdale,30,Major Cities of Australia,1,100
301011003,Birkdale,30,Major Cities of Australia,1,100
301011004,Capalaba,30,Major Cities of Australia,1,100
301011005,Thorneside,30,Major Cities of Australia,1,100
301011006,Wellington Point,30,Major Cities of Australia,1,100
301021007,Cleveland,30,Major Cities of Australia,1,100
301021008,Ormiston,30,Major Cities of Australia,1,100
301021009,Redland Bay,30,Major Cities of Australia,0.9823975,98.2397543
301021009,Redland Bay,31,Inner Regional Australia,0.0176025,1.7602457
301021011,Sheldon - Mount Cotton,30,Major Cities of Australia,1,100
301021012,Thornlands,30,Major Cities of Australia,1,100
301021013,Victoria Point,30,Major Cities of Australia,1,100
301021527,Redland Islands,31,Inner Regional Australia,0.3826203,38.2620281
301021527,Redland Islands,32,Outer Regional Australia,0.3839504,38.3950392
301021527,Redland Islands,33,Remote Australia,0.2334293,23.3429326
301031014,Brisbane Port - Lytton,30,Major Cities of Australia,0.9999973,99.9997273
301031015,Manly - Lota,30,Major Cities of Australia,1,100
301031016,Manly West,30,Major Cities of Australia,1,100
301031017,Murarrie,30,Major Cities of Australia,1,100
301031018,Tingalpa,30,Major Cities of Australia,1,100
301031019,Wakerley,30,Major Cities of Australia,1,100
301031020,Wynnum,30,Major Cities of Australia,1,100
301031021,Wynnum West - Hemmant,30,Major Cities of Australia,1,100
302011022,Bald Hills,30,Major Cities of Australia,1,100
302011023,Bridgeman Downs,30,Major Cities of Australia,1,100
302011024,Carseldine,30,Major Cities of Australia,1,100
302011025,Everton Park,30,Major Cities of Australia,1,100
302011026,McDowall,30,Major Cities of Australia,1,100
302021027,Aspley,30,Major Cities of Australia,1,100
302021028,Chermside,30,Major Cities of Australia,1,100
302021029,Chermside West,30,Major Cities of Australia,1,100
302021030,Geebung,30,Major Cities of Australia,1,100
302021031,Kedron - Gordon Park,30,Major Cities of Australia,1,100
302021032,Stafford,30,Major Cities of Australia,1,100
302021033,Stafford Heights,30,Major Cities of Australia,1,100
302021034,Wavell Heights,30,Major Cities of Australia,1,100
302031035,Boondall,30,Major Cities of Australia,1,100
302031036,Brisbane Airport,30,Major Cities of Australia,1,100
302031037,Eagle Farm - Pinkenba,30,Major Cities of Australia,1,100
302031038,Northgate - Virginia,30,Major Cities of Australia,1,100
302031039,Nudgee - Banyo,30,Major Cities of Australia,1,100
302031040,Nundah,30,Major Cities of Australia,1,100
302041041,Bracken Ridge,30,Major Cities of Australia,1,100
302041042,Brighton (Qld),30,Major Cities of Australia,1,100
302041043,Deagon,30,Major Cities of Australia,1,100
302041044,Sandgate - Shorncliffe,30,Major Cities of Australia,1,100
302041045,Taigum - Fitzgibbon,30,Major Cities of Australia,1,100
302041046,Zillmere,30,Major Cities of Australia,1,100
303011047,Camp Hill,30,Major Cities of Australia,1,100
303011048,Cannon Hill,30,Major Cities of Australia,1,100
303011049,Carina,30,Major Cities of Australia,1,100
303011050,Carina Heights,30,Major Cities of Australia,1,100
303011051,Carindale,30,Major Cities of Australia,1,100
303021052,Annerley,30,Major Cities of Australia,1,100
303021053,Coorparoo,30,Major Cities of Australia,1,100
303021054,Fairfield - Dutton Park,30,Major Cities of Australia,1,100
303021055,Greenslopes,30,Major Cities of Australia,1,100
303021056,Holland Park,30,Major Cities of Australia,1,100
303021057,Holland Park West,30,Major Cities of Australia,1,100
303021058,Woolloongabba,30,Major Cities of Australia,1,100
303021059,Yeronga,30,Major Cities of Australia,1,100
303031060,Eight Mile Plains,30,Major Cities of Australia,1,100
303031061,Macgregor (Qld),30,Major Cities of Australia,1,100
303031062,Mansfield (Qld),30,Major Cities of Australia,1,100
303031063,Mount Gravatt,30,Major Cities of Australia,1,100
303031064,Rochedale - Burbank,30,Major Cities of Australia,1,100
303031065,Upper Mount Gravatt,30,Major Cities of Australia,1,100
303031066,Wishart,30,Major Cities of Australia,1,100
303041067,Coopers Plains,30,Major Cities of Australia,1,100
303041068,Moorooka,30,Major Cities of Australia,1,100
303041069,Robertson,30,Major Cities of Australia,1,100
303041070,Salisbury - Nathan,30,Major Cities of Australia,1,100
303041071,Tarragindi,30,Major Cities of Australia,1,100
303051072,Algester,30,Major Cities of Australia,1,100
303051073,Calamvale - Stretton,30,Major Cities of Australia,1,100
303051074,Pallara - Willawong,30,Major Cities of Australia,1,100
303051075,Parkinson - Drewvale,30,Major Cities of Australia,1,100
303051076,Rocklea - Acacia Ridge,30,Major Cities of Australia,1,100
303061077,Kuraby,30,Major Cities of Australia,1,100
303061078,Runcorn,30,Major Cities of Australia,1,100
303061079,Sunnybank,30,Major Cities of Australia,1,100
303061080,Sunnybank Hills,30,Major Cities of Australia,1,100
304011081,Jindalee - Mount Ommaney,30,Major Cities of Australia,1,100
304011082,Middle Park - Jamboree Heights,30,Major Cities of Australia,1,100
304011083,Riverhills,30,Major Cities of Australia,1,100
304011084,Seventeen Mile Rocks - Sinnamon Park,30,Major Cities of Australia,1,100
304011085,Westlake,30,Major Cities of Australia,1,100
304021086,Bellbowrie - Moggill,30,Major Cities of Australia,1,100
304021087,Brookfield - Kenmore Hills,30,Major Cities of Australia,0.9669129,96.6912859
304021087,Brookfield - Kenmore Hills,31,Inner Regional Australia,0.0330871,3.3087141
304021088,Chapel Hill,30,Major Cities of Australia,1,100
304021089,Fig Tree Pocket,30,Major Cities of Australia,1,100
304021090,Kenmore,30,Major Cities of Australia,1,100
304021091,Pinjarra Hills - Pullenvale,30,Major Cities of Australia,1,100
304031092,Chelmer - Graceville,30,Major Cities of Australia,1,100
304031093,Corinda,30,Major Cities of Australia,1,100
304031094,Indooroopilly,30,Major Cities of Australia,1,100
304031095,Sherwood,30,Major Cities of Australia,1,100
304031096,St Lucia,30,Major Cities of Australia,1,100
304031097,Taringa,30,Major Cities of Australia,1,100
304041098,Enoggera,30,Major Cities of Australia,1,100
304041099,Enoggera Reservoir,31,Inner Regional Australia,1,100
304041100,Keperra,30,Major Cities of Australia,1,100
304041101,Mitchelton,30,Major Cities of Australia,1,100
304041102,Mount Coot-tha,30,Major Cities of Australia,1,100
304041103,The Gap,30,Major Cities of Australia,1,100
304041104,Upper Kedron - Ferny Grove,30,Major Cities of Australia,1,100
305011105,Brisbane City,30,Major Cities of Australia,1,100
305011106,Fortitude Valley,30,Major Cities of Australia,1,100
305011107,Highgate Hill,30,Major Cities of Australia,1,100
305011108,Kangaroo Point,30,Major Cities of Australia,1,100
305011109,New Farm,30,Major Cities of Australia,1,100
305011110,South Brisbane,30,Major Cities of Australia,1,100
305011111,Spring Hill,30,Major Cities of Australia,1,100
305011112,West End,30,Major Cities of Australia,1,100
305021113,Balmoral,30,Major Cities of Australia,1,100
305021114,Bulimba,30,Major Cities of Australia,1,100
305021115,East Brisbane,30,Major Cities of Australia,1,100
305021116,Hawthorne,30,Major Cities of Australia,1,100
305021117,Morningside - Seven Hills,30,Major Cities of Australia,1,100
305021118,Norman Park,30,Major Cities of Australia,1,100
305031119,Albion,30,Major Cities of Australia,1,100
305031120,Alderley,30,Major Cities of Australia,1,100
305031121,Ascot,30,Major Cities of Australia,1,100
305031122,Clayfield,30,Major Cities of Australia,1,100
305031123,Grange,30,Major Cities of Australia,1,100
305031124,Hamilton (Qld),30,Major Cities of Australia,1,100
305031125,Hendra,30,Major Cities of Australia,1,100
305031126,Kelvin Grove - Herston,30,Major Cities of Australia,1,100
305031127,Newmarket,30,Major Cities of Australia,1,100
305031128,Newstead - Bowen Hills,30,Major Cities of Australia,1,100
305031129,Wilston,30,Major Cities of Australia,1,100
305031130,Windsor,30,Major Cities of Australia,1,100
305031131,Wooloowin - Lutwyche,30,Major Cities of Australia,1,100
305041132,Ashgrove,30,Major Cities of Australia,1,100
305041133,Auchenflower,30,Major Cities of Australia,1,100
305041134,Bardon,30,Major Cities of Australia,1,100
305041135,Paddington - Milton,30,Major Cities of Australia,1,100
305041136,Red Hill (Qld),30,Major Cities of Australia,1,100
305041137,Toowong,30,Major Cities of Australia,1,100
306011138,Brinsmead,32,Outer Regional Australia,1,100
306011139,Clifton Beach - Kewarra Beach,32,Outer Regional Australia,1,100
306011140,Freshwater - Stratford,32,Outer Regional Australia,1,100
306011141,Redlynch,32,Outer Regional Australia,1,100
306011142,Trinity Beach - Smithfield,32,Outer Regional Australia,1,100
306011143,Yorkeys Knob - Machans Beach,32,Outer Regional Australia,1,100
306021144,Bentley Park,32,Outer Regional Australia,1,100
306021145,Cairns City,32,Outer Regional Australia,1,100
306021146,Earlville - Bayview Heights,32,Outer Regional Australia,1,100
306021147,Edmonton,32,Outer Regional Australia,1,100
306021148,Gordonvale - Trinity,32,Outer Regional Australia,1,100
306021149,Kanimbla - Mooroobool,32,Outer Regional Australia,1,100
306021150,Lamb Range,32,Outer Regional Australia,1,100
306021151,Manoora,32,Outer Regional Australia,1,100
306021152,Manunda,32,Outer Regional Australia,1,100
306021153,Mount Sheridan,32,Outer Regional Australia,1,100
306021154,Westcourt - Bungalow,32,Outer Regional Australia,1,100
306021155,White Rock,32,Outer Regional Australia,1,100
306021156,Whitfield - Edge Hill,32,Outer Regional Australia,1,100
306021157,Woree,32,Outer Regional Australia,1,100
306031158,Babinda,32,Outer Regional Australia,1,100
306031159,Innisfail,32,Outer Regional Australia,1,100
306031160,Johnstone,32,Outer Regional Australia,1,100
306031161,Tully,32,Outer Regional Australia,0.8089993,80.8999255
306031161,Tully,33,Remote Australia,0.1910007,19.1000729
306031162,Wooroonooran,32,Outer Regional Australia,1,100
306031163,Yarrabah,32,Outer Regional Australia,1,100
306041164,Daintree,32,Outer Regional Australia,0.896579,89.6578986
306041164,Daintree,33,Remote Australia,0.103421,10.3421014
306041165,Port Douglas,32,Outer Regional Australia,1,100
306051166,Atherton,32,Outer Regional Australia,1,100
306051167,Herberton,32,Outer Regional Australia,0.7894182,78.9418171
306051167,Herberton,33,Remote Australia,0.2105818,21.0581829
306051168,Kuranda,32,Outer Regional Australia,1,100
306051169,Malanda - Yungaburra,32,Outer Regional Australia,1,100
306051170,Mareeba,32,Outer Regional Australia,1,100
307011171,Balonne,33,Remote Australia,0.7955176,79.5517592
307011171,Balonne,34,Very Remote Australia,0.2044824,20.4482408
307011172,Chinchilla,32,Outer Regional Australia,1,100
307011173,Goondiwindi,32,Outer Regional Australia,1,100
307011174,Inglewood - Waggamba,32,Outer Regional Australia,0.8880975,88.8097535
307011174,Inglewood - Waggamba,33,Remote Australia,0.1119025,11.1902465
307011175,Miles - Wandoan,32,Outer Regional Australia,0.7217178,72.1717752
307011175,Miles - Wandoan,33,Remote Australia,0.2782822,27.8282248
307011176,Roma,32,Outer Regional Australia,1,100
307011177,Roma Region,32,Outer Regional Australia,0.1038448,10.3844837
307011177,Roma Region,33,Remote Australia,0.6630621,66.306212
307011177,Roma Region,34,Very Remote Australia,0.233093,23.3093043
307011178,Tara,32,Outer Regional Australia,0.7731152,77.3115201
307011178,Tara,33,Remote Australia,0.2268848,22.6884799
307021179,Crows Nest - Rosalie,31,Inner Regional Australia,0.9271539,92.7153859
307021179,Crows Nest - Rosalie,32,Outer Regional Australia,0.0728461,7.2846141
307021180,Jondaryan,31,Inner Regional Australia,1,100
307021181,Millmerran,31,Inner Regional Australia,0.4601636,46.0163627
307021181,Millmerran,32,Outer Regional Australia,0.5398364,53.9836373
307021182,Pittsworth,31,Inner Regional Australia,1,100
307021183,Wambo,31,Inner Regional Australia,0.8005062,80.0506243
307021183,Wambo,32,Outer Regional Australia,0.1994938,19.9493757
307031184,Clifton - Greenmount,31,Inner Regional Australia,1,100
307031185,Southern Downs - East,31,Inner Regional Australia,0.7294187,72.9418741
307031185,Southern Downs - East,32,Outer Regional Australia,0.2705813,27.0581259
307031186,Southern Downs - West,31,Inner Regional Australia,0.9349036,93.4903624
307031186,Southern Downs - West,32,Outer Regional Australia,0.0650964,6.5096376
307031187,Stanthorpe,32,Outer Regional Australia,1,100
307031188,Stanthorpe Region,32,Outer Regional Australia,1,100
307031189,Warwick,31,Inner Regional Australia,1,100
308011190,Central Highlands - East,32,Outer Regional Australia,0.7757693,77.5769342
308011190,Central Highlands - East,33,Remote Australia,0.2242307,22.4230658
308011191,Central Highlands - West,32,Outer Regional Australia,0.1607165,16.071647
308011191,Central Highlands - West,33,Remote Australia,0.8098393,80.9839285
308011191,Central Highlands - West,34,Very Remote Australia,0.0294442,2.9444245
308011192,Emerald,32,Outer Regional Australia,1,100
308031205,Berserker,31,Inner Regional Australia,1,100
308031206,Bouldercombe,31,Inner Regional Australia,0.6145221,61.4522056
308031206,Bouldercombe,32,Outer Regional Australia,0.3854779,38.5477944
308031207,Emu Park,31,Inner Regional Australia,1,100
308031208,Frenchville - Mount Archer,31,Inner Regional Australia,1,100
308031209,Glenlee - Rockyview,31,Inner Regional Australia,1,100
308031210,Gracemere,31,Inner Regional Australia,1,100
308031211,Lakes Creek,31,Inner Regional Australia,1,100
308031212,Mount Morgan,31,Inner Regional Australia,0.8973577,89.7357707
308031212,Mount Morgan,32,Outer Regional Australia,0.1026423,10.2642293
308031213,Norman Gardens,31,Inner Regional Australia,1,100
308031214,Park Avenue,31,Inner Regional Australia,1,100
308031215,Parkhurst - Kawana,31,Inner Regional Australia,1,100
308031216,Rockhampton - West,31,Inner Regional Australia,1,100
308031217,Rockhampton City,31,Inner Regional Australia,1,100
308031218,Rockhampton Region - East,31,Inner Regional Australia,0.8211901,82.1190092
308031218,Rockhampton Region - East,32,Outer Regional Australia,0.1788099,17.8809908
308031219,Rockhampton Region - North,31,Inner Regional Australia,0.690259,69.0259047
308031219,Rockhampton Region - North,32,Outer Regional Australia,0.1927119,19.271193
308031219,Rockhampton Region - North,33,Remote Australia,0.1170288,11.7028845
308031220,Rockhampton Region - West,31,Inner Regional Australia,0.684697,68.4697009
308031220,Rockhampton Region - West,32,Outer Regional Australia,0.315303,31.5302991
308031221,Shoalwater Bay,32,Outer Regional Australia,1,100
308031222,The Range - Allenstown,31,Inner Regional Australia,1,100
308031223,Yeppoon,31,Inner Regional Australia,1,100
308041528,Banana,32,Outer Regional Australia,0.8149019,81.4901853
308041528,Banana,33,Remote Australia,0.1850981,18.5098147
308041529,Biloela,32,Outer Regional Australia,1,100
308051530,Agnes Water - Miriam Vale,32,Outer Regional Australia,1,100
308051531,Boyne Island - Tannum Sands,31,Inner Regional Australia,1,100
308051532,Callemondah,31,Inner Regional Australia,1,100
308051533,Clinton - New Auckland,31,Inner Regional Australia,1,100
308051534,Gladstone,31,Inner Regional Australia,1,100
308051535,Gladstone Hinterland,31,Inner Regional Australia,0.7861721,78.617206
308051535,Gladstone Hinterland,32,Outer Regional Australia,0.1772498,17.7249836
308051535,Gladstone Hinterland,33,Remote Australia,0.0365781,3.6578104
308051536,Kin Kora - Sun Valley,31,Inner Regional Australia,1,100
308051537,South Trees,31,Inner Regional Australia,1,100
308051538,Telina - Toolooa,31,Inner Regional Australia,1,100
308051539,West Gladstone,31,Inner Regional Australia,1,100
309011224,Broadbeach Waters,30,Major Cities of Australia,1,100
309011225,Burleigh Heads,30,Major Cities of Australia,1,100
309011226,Burleigh Waters,30,Major Cities of Australia,1,100
309011227,Mermaid Beach - Broadbeach,30,Major Cities of Australia,1,100
309011228,Mermaid Waters,30,Major Cities of Australia,1,100
309011229,Miami,30,Major Cities of Australia,1,100
309021230,Coolangatta,30,Major Cities of Australia,1,100
309021231,Currumbin - Tugun,30,Major Cities of Australia,1,100
309021232,Currumbin Waters,30,Major Cities of Australia,1,100
309021233,Elanora,30,Major Cities of Australia,1,100
309021234,Palm Beach,30,Major Cities of Australia,1,100
309031235,Arundel,30,Major Cities of Australia,1,100
309031236,Biggera Waters,30,Major Cities of Australia,1,100
309031237,Coombabah,30,Major Cities of Australia,1,100
309031238,Labrador,30,Major Cities of Australia,1,100
309031239,Paradise Point - Hollywell,30,Major Cities of Australia,1,100
309031240,Runaway Bay,30,Major Cities of Australia,1,100
309041241,Guanaba - Springbrook,30,Major Cities of Australia,0.4373233,43.732334
309041241,Guanaba - Springbrook,31,Inner Regional Australia,0.5626767,56.267666
309041242,Tamborine - Canungra,30,Major Cities of Australia,0.5154639,51.5463941
309041242,Tamborine - Canungra,31,Inner Regional Australia,0.4845361,48.4536059
309051243,Currumbin Valley - Tallebudgera,30,Major Cities of Australia,0.8911613,89.1161272
309051243,Currumbin Valley - Tallebudgera,31,Inner Regional Australia,0.1088387,10.8838728
309051244,Mudgeeraba - Bonogin,30,Major Cities of Australia,1,100
309051245,Reedy Creek - Andrews,30,Major Cities of Australia,1,100
309061246,Carrara,30,Major Cities of Australia,1,100
309061247,Highland Park,30,Major Cities of Australia,1,100
309061248,Nerang - Mount Nathan,30,Major Cities of Australia,1,100
309061249,Pacific Pines - Gaven,30,Major Cities of Australia,1,100
309061250,Worongary - Tallai,30,Major Cities of Australia,1,100
309071251,Coomera,30,Major Cities of Australia,1,100
309071252,Helensvale,30,Major Cities of Australia,1,100
309071253,Hope Island,30,Major Cities of Australia,0.9966177,99.6617662
309071253,Hope Island,31,Inner Regional Australia,0.0033823,0.3382338
309071254,Jacobs Well - Alberton,30,Major Cities of Australia,0.7310742,73.1074216
309071254,Jacobs Well - Alberton,31,Inner Regional Australia,0.2689258,26.8925784
309071255,Ormeau - Yatala,30,Major Cities of Australia,1,100
309071256,Oxenford - Maudsland,30,Major Cities of Australia,1,100
309071257,Pimpama,30,Major Cities of Australia,1,100
309071258,Upper Coomera - Willow Vale,30,Major Cities of Australia,0.9859552,98.5955225
309071258,Upper Coomera - Willow Vale,31,Inner Regional Australia,0.0140448,1.4044775
309081259,Clear Island Waters,30,Major Cities of Australia,1,100
309081260,Merrimac,30,Major Cities of Australia,1,100
309081261,Robina,30,Major Cities of Australia,1,100
309081262,Varsity Lakes,30,Major Cities of Australia,1,100
309091263,Ashmore,30,Major Cities of Australia,1,100
309091264,Molendinar,30,Major Cities of Australia,1,100
309091265,Parkwood,30,Major Cities of Australia,1,100
309091540,Southport - North,30,Major Cities of Australia,1,100
309091541,Southport - South,30,Major Cities of Australia,1,100
309101267,Benowa,30,Major Cities of Australia,1,100
309101268,Bundall,30,Major Cities of Australia,1,100
309101269,Main Beach,30,Major Cities of Australia,1,100
309101270,Surfers Paradise,30,Major Cities of Australia,1,100
310011271,Darra - Sumner,30,Major Cities of Australia,1,100
310011272,Durack,30,Major Cities of Australia,1,100
310011273,Forest Lake - Doolandella,30,Major Cities of Australia,1,100
310011274,Inala - Richlands,30,Major Cities of Australia,1,100
310011275,Oxley (Qld),30,Major Cities of Australia,1,100
310011276,Wacol,30,Major Cities of Australia,1,100
310021277,Boonah,31,Inner Regional Australia,1,100
310021278,Esk,31,Inner Regional Australia,1,100
310021279,Lake Manchester - England Creek,31,Inner Regional Australia,1,100
310021280,Lockyer Valley - East,31,Inner Regional Australia,1,100
310021281,Lowood,31,Inner Regional Australia,1,100
310021282,Rosewood,30,Major Cities of Australia,0.2861006,28.6100563
310021282,Rosewood,31,Inner Regional Australia,0.7138994,71.3899437
310031283,Brassall,30,Major Cities of Australia,1,100
310031284,Bundamba,30,Major Cities of Australia,1,100
310031285,Churchill - Yamanto,30,Major Cities of Australia,1,100
310031286,Ipswich - Central,30,Major Cities of Australia,1,100
310031287,Ipswich - East,30,Major Cities of Australia,1,100
310031288,Ipswich - North,30,Major Cities of Australia,0.9312352,93.1235163
310031288,Ipswich - North,31,Inner Regional Australia,0.0687648,6.8764837
310031289,Karalee - Barellan Point,30,Major Cities of Australia,1,100
310031290,Karana Downs,30,Major Cities of Australia,0.9345826,93.4582555
310031290,Karana Downs,31,Inner Regional Australia,0.0654174,6.5417445
310031291,Leichhardt - One Mile,30,Major Cities of Australia,1,100
310031292,North Ipswich - Tivoli,30,Major Cities of Australia,1,100
310031293,Raceview,30,Major Cities of Australia,1,100
310031294,Ripley,30,Major Cities of Australia,1,100
310031295,Riverview,30,Major Cities of Australia,1,100
310041296,Bellbird Park - Brookwater,30,Major Cities of Australia,1,100
310041297,Camira - Gailes,30,Major Cities of Australia,1,100
310041298,Carole Park,30,Major Cities of Australia,1,100
310041299,Collingwood Park - Redbank,30,Major Cities of Australia,1,100
310041300,Goodna,30,Major Cities of Australia,1,100
310041301,New Chum,30,Major Cities of Australia,1,100
310041302,Redbank Plains,30,Major Cities of Australia,1,100
310041303,Springfield,30,Major Cities of Australia,1,100
310041304,Springfield Lakes,30,Major Cities of Australia,1,100
311011305,Beaudesert,31,Inner Regional Australia,1,100
311021306,Beenleigh,30,Major Cities of Australia,1,100
311021307,Eagleby,30,Major Cities of Australia,1,100
311021308,Edens Landing - Holmview,30,Major Cities of Australia,1,100
311021309,Mount Warren Park,30,Major Cities of Australia,1,100
311021310,Wolffdene - Bahrs Scrub,30,Major Cities of Australia,1,100
311031311,Boronia Heights - Park Ridge,30,Major Cities of Australia,1,100
311031312,Browns Plains,30,Major Cities of Australia,1,100
311031313,Chambers Flat - Logan Reserve,30,Major Cities of Australia,0.9151335,91.5133521
311031313,Chambers Flat - Logan Reserve,31,Inner Regional Australia,0.0848665,8.4866479
311031314,Crestmead,30,Major Cities of Australia,1,100
311031315,Greenbank Military Camp,30,Major Cities of Australia,1,100
311031316,Hillcrest,30,Major Cities of Australia,1,100
311031317,Marsden,30,Major Cities of Australia,1,100
311031318,Munruben - Park Ridge South,30,Major Cities of Australia,1,100
311031319,Regents Park - Heritage Park,30,Major Cities of Australia,1,100
311041320,Greenbank,30,Major Cities of Australia,0.9928494,99.2849351
311041320,Greenbank,31,Inner Regional Australia,0.0071506,0.7150649
311041321,Jimboomba,30,Major Cities of Australia,0.3730938,37.3093809
311041321,Jimboomba,31,Inner Regional Australia,0.6269062,62.6906191
311041322,Logan Village,30,Major Cities of Australia,0.9473159,94.7315943
311041322,Logan Village,31,Inner Regional Australia,0.0526841,5.2684057
311051323,Bethania - Waterford,30,Major Cities of Australia,1,100
311051324,Cornubia - Carbrook,30,Major Cities of Australia,1,100
311051325,Loganholme - Tanah Merah,30,Major Cities of Australia,1,100
311051326,Loganlea,30,Major Cities of Australia,1,100
311051327,Shailer Park,30,Major Cities of Australia,1,100
311051328,Waterford West,30,Major Cities of Australia,1,100
311061329,Daisy Hill,30,Major Cities of Australia,1,100
311061330,Kingston (Qld.),30,Major Cities of Australia,1,100
311061331,Logan Central,30,Major Cities of Australia,1,100
311061332,Rochedale South - Priestdale,30,Major Cities of Australia,1,100
311061333,Slacks Creek,30,Major Cities of Australia,1,100
311061334,Springwood,30,Major Cities of Australia,1,100
311061335,Underwood,30,Major Cities of Australia,1,100
311061336,Woodridge,30,Major Cities of Australia,1,100
312011337,Bowen,32,Outer Regional Australia,1,100
312011338,Broadsound - Nebo,32,Outer Regional Australia,0.524459,52.4458997
312011338,Broadsound - Nebo,33,Remote Australia,0.4755409,47.5540911
312011339,Clermont,33,Remote Australia,0.949514,94.9514049
312011339,Clermont,34,Very Remote Australia,0.050486,5.0485951
312011340,Collinsville,32,Outer Regional Australia,0.4505207,45.0520732
312011340,Collinsville,33,Remote Australia,0.5494793,54.9479268
312011341,Moranbah,32,Outer Regional Australia,1,100
312021342,Andergrove - Beaconsfield,31,Inner Regional Australia,1,100
312021343,East Mackay,31,Inner Regional Australia,1,100
312021344,Eimeo - Rural View,31,Inner Regional Australia,1,100
312021345,Eungella Hinterland,32,Outer Regional Australia,1,100
312021346,Mackay,31,Inner Regional Australia,1,100
312021347,Mackay Harbour,31,Inner Regional Australia,1,100
312021348,Mount Pleasant - Glenella,31,Inner Regional Australia,1,100
312021349,North Mackay,31,Inner Regional Australia,1,100
312021350,Ooralea - Bakers Creek,31,Inner Regional Australia,1,100
312021351,Pioneer Valley,32,Outer Regional Australia,1,100
312021352,Sarina,32,Outer Regional Australia,1,99.999999
312021353,Seaforth - Calen,31,Inner Regional Australia,0.0565432,5.6543207
312021353,Seaforth - Calen,32,Outer Regional Australia,0.9402468,94.0246843
312021353,Seaforth - Calen,33,Remote Australia,0.0003704,0.0370381
312021353,Seaforth - Calen,34,Very Remote Australia,0.0028396,0.2839569
312021354,Shoal Point - Bucasia,31,Inner Regional Australia,1,100
312021355,Slade Point,31,Inner Regional Australia,1,100
312021356,South Mackay,31,Inner Regional Australia,1,100
312021357,Walkerston - Eton,31,Inner Regional Australia,0.0267069,2.6706942
312021357,Walkerston - Eton,32,Outer Regional Australia,0.9732931,97.3293058
312021358,West Mackay,31,Inner Regional Australia,1,100
312031359,Airlie - Whitsundays,32,Outer Regional Australia,0.825263,82.5262954
312031359,Airlie - Whitsundays,33,Remote Australia,0.1444152,14.4415218
312031359,Airlie - Whitsundays,34,Very Remote Australia,0.0303218,3.0321828
312031360,Cape Conway,32,Outer Regional Australia,1,100
312031361,Proserpine,32,Outer Regional Australia,1,100
313011362,Beachmere - Sandstone Point,30,Major Cities of Australia,0.8810789,88.1078911
313011362,Beachmere - Sandstone Point,31,Inner Regional Australia,0.1189211,11.8921089
313011363,Bribie Island,31,Inner Regional Australia,1,100
313021364,Burpengary - East,30,Major Cities of Australia,1,100
313021365,Caboolture,30,Major Cities of Australia,1,100
313021366,Caboolture - South,30,Major Cities of Australia,1,100
313021367,Elimbah,30,Major Cities of Australia,1,100
313021368,Morayfield - East,30,Major Cities of Australia,1,100
313021369,Wamuran,30,Major Cities of Australia,1,100
313031370,Kilcoy,31,Inner Regional Australia,0.8520787,85.2078704
313031370,Kilcoy,32,Outer Regional Australia,0.1479213,14.7921296
313031371,Woodford - D'Aguilar,31,Inner Regional Australia,1,100
313041372,Burpengary,30,Major Cities of Australia,1,100
313041373,Deception Bay,30,Major Cities of Australia,1,100
313041374,Morayfield,30,Major Cities of Australia,1,100
313041375,Narangba,30,Major Cities of Australia,1,100
313041376,Upper Caboolture,30,Major Cities of Australia,0.9005288,90.0528759
313041376,Upper Caboolture,31,Inner Regional Australia,0.0994712,9.9471241
313051377,Clontarf,30,Major Cities of Australia,1,100
313051378,Margate - Woody Point,30,Major Cities of Australia,1,100
313051379,Redcliffe,30,Major Cities of Australia,1,100
313051380,Rothwell - Kippa-Ring,30,Major Cities of Australia,1,100
313051542,Scarborough - Newport - Moreton Island,30,Major Cities of Australia,0.9701322,97.0132209
313051542,Scarborough - Newport - Moreton Island,33,Remote Australia,0.0298678,2.9867791
314011382,Albany Creek,30,Major Cities of Australia,1,100
314011383,Cashmere,30,Major Cities of Australia,1,100
314011384,Dayboro,30,Major Cities of Australia,0.2583264,25.8326436
314011384,Dayboro,31,Inner Regional Australia,0.7416736,74.1673564
314011385,Eatons Hill,30,Major Cities of Australia,1,100
314011386,The Hills District,30,Major Cities of Australia,1,100
314011387,Samford Valley,30,Major Cities of Australia,0.6011757,60.1175707
314011387,Samford Valley,31,Inner Regional Australia,0.3988243,39.8824293
314021388,Dakabin - Kallangur,30,Major Cities of Australia,1,100
314021389,Murrumba Downs - Griffin,30,Major Cities of Australia,1,100
314021390,North Lakes - Mango Hill,30,Major Cities of Australia,1,100
314031391,Bray Park,30,Major Cities of Australia,1,100
314031392,Lawnton,30,Major Cities of Australia,1,100
314031393,Petrie,30,Major Cities of Australia,1,100
314031394,Strathpine - Brendale,30,Major Cities of Australia,1,100
315011395,Aurukun,34,Very Remote Australia,1,100
315011396,Cape York,33,Remote Australia,0.6311844,63.1184384
315011396,Cape York,34,Very Remote Australia,0.3688156,36.8815616
315011397,Croydon - Etheridge,34,Very Remote Australia,1,100
315011398,Kowanyama - Pormpuraaw,34,Very Remote Australia,1,100
315011399,Northern Peninsula,34,Very Remote Australia,1,100
315011400,Tablelands,32,Outer Regional Australia,0.8687406,86.874061
315011400,Tablelands,33,Remote Australia,0.0472467,4.724671
315011400,Tablelands,34,Very Remote Australia,0.0840127,8.401268
315011401,Torres,34,Very Remote Australia,1,100
315011402,Torres Strait Islands,34,Very Remote Australia,1,100
315011403,Weipa,34,Very Remote Australia,1,100
315021404,Carpentaria,34,Very Remote Australia,1,100
315021405,Mount Isa,33,Remote Australia,1,100
315021406,Mount Isa Region,33,Remote Australia,0.6744221,67.4422066
315021406,Mount Isa Region,34,Very Remote Australia,0.3255779,32.5577934
315021407,Northern Highlands,34,Very Remote Australia,1,100
315031408,Barcaldine - Blackall,34,Very Remote Australia,1,100
315031409,Charleville,34,Very Remote Australia,1,100
315031410,Far Central West,34,Very Remote Australia,1,100
315031411,Far South West,34,Very Remote Australia,1,100
315031412,Longreach,34,Very Remote Australia,1,100
316011413,Buderim - North,30,Major Cities of Australia,1,100
316011414,Buderim - South,30,Major Cities of Australia,1,100
316011415,Mountain Creek,30,Major Cities of Australia,1,100
316011416,Sippy Downs,30,Major Cities of Australia,1,100
316021417,Aroona - Currimundi,30,Major Cities of Australia,1,100
316021418,Buddina - Minyama,30,Major Cities of Australia,1,100
316021419,Caloundra - Kings Beach,30,Major Cities of Australia,1,100
316021420,Caloundra - West,30,Major Cities of Australia,1,100
316021421,Golden Beach - Pelican Waters,30,Major Cities of Australia,1,100
316021422,Moffat Beach - Battery Hill,30,Major Cities of Australia,1,100
316021423,Parrearra - Warana,30,Major Cities of Australia,1,100
316021424,Wurtulla - Birtinya,30,Major Cities of Australia,1,100
316031425,Coolum Beach,30,Major Cities of Australia,1,100
316031426,Marcoola - Mudjimba,30,Major Cities of Australia,1,100
316031427,Maroochydore - Kuluin,30,Major Cities of Australia,1,100
316031428,Mooloolaba - Alexandra Headland,30,Major Cities of Australia,1,100
316051434,Noosa Heads,30,Major Cities of Australia,1,100
316051435,Noosaville,30,Major Cities of Australia,1,100
316051437,Sunshine Beach,30,Major Cities of Australia,1,100
316051438,Tewantin,30,Major Cities of Australia,1,100
316051543,Peregian Beach - Marcus Beach,30,Major Cities of Australia,1,100
316051544,Peregian Springs,30,Major Cities of Australia,1,100
316061439,Beerwah,31,Inner Regional Australia,1,100
316061440,Caloundra Hinterland,31,Inner Regional Australia,1,100
316061441,Glass House Mountains,31,Inner Regional Australia,1,100
316061442,Landsborough,30,Major Cities of Australia,0.0264738,2.6473751
316061442,Landsborough,31,Inner Regional Australia,0.9735262,97.3526249
316061443,Maroochy Hinterland,31,Inner Regional Australia,1,100
316061444,Palmwoods,30,Major Cities of Australia,0.4267834,42.6783417
316061444,Palmwoods,31,Inner Regional Australia,0.5732166,57.3216583
316071545,Bli Bli,30,Major Cities of Australia,1,99.9999998
316071546,Diddillibah - Rosemount,30,Major Cities of Australia,1,100
316071547,Eumundi - Yandina,31,Inner Regional Australia,1,100
316071548,Nambour,30,Major Cities of Australia,0.942893,94.2893022
316071548,Nambour,31,Inner Regional Australia,0.057107,5.7106978
316081549,Noosa Hinterland,30,Major Cities of Australia,0.2259411,22.5941074
316081549,Noosa Hinterland,31,Inner Regional Australia,0.7740589,77.4058926
317011445,Cambooya - Wyreema,31,Inner Regional Australia,1,100
317011446,Darling Heights,31,Inner Regional Australia,1,100
317011447,Drayton - Harristown,31,Inner Regional Australia,1,100
317011448,Gatton,31,Inner Regional Australia,1,100
317011449,Gowrie (Qld),31,Inner Regional Australia,1,100
317011450,Highfields,31,Inner Regional Australia,1,100
317011451,Lockyer Valley - West,31,Inner Regional Australia,1,100
317011452,Middle Ridge,31,Inner Regional Australia,1,100
317011453,Newtown (Qld),31,Inner Regional Australia,1,100
317011454,North Toowoomba - Harlaxton,31,Inner Regional Australia,1,100
317011455,Rangeville,31,Inner Regional Australia,1,100
317011456,Toowoomba - Central,31,Inner Regional Australia,1,100
317011457,Toowoomba - East,31,Inner Regional Australia,1,100
317011458,Toowoomba - West,31,Inner Regional Australia,1,100
317011459,Wilsonton,31,Inner Regional Australia,1,100
318011460,Ayr,32,Outer Regional Australia,1,100
318011461,Burdekin,32,Outer Regional Australia,0.9753133,97.531333
318011461,Burdekin,33,Remote Australia,0.0246867,2.468667
318011462,Charters Towers,32,Outer Regional Australia,1,100
318011463,Dalrymple,32,Outer Regional Australia,0.4666666,46.6666618
318011463,Dalrymple,33,Remote Australia,0.3519257,35.192568
318011463,Dalrymple,34,Very Remote Australia,0.1814077,18.1407703
318011464,Ingham,32,Outer Regional Australia,1,100
318011465,Ingham Region,32,Outer Regional Australia,0.5260457,52.6045692
318011465,Ingham Region,33,Remote Australia,0.4727103,47.2710334
318011465,Ingham Region,34,Very Remote Australia,0.001244,0.1243974
318011466,Palm Island,33,Remote Australia,1,99.9999963
318021467,Aitkenvale,32,Outer Regional Australia,1,100
318021468,Annandale,32,Outer Regional Australia,1,100
318021469,Belgian Gardens - Pallarenda,32,Outer Regional Australia,1,100
318021470,Bohle Plains,32,Outer Regional Australia,1,100
318021471,Condon - Rasmussen,32,Outer Regional Australia,1,100
318021472,Cranbrook,32,Outer Regional Australia,1,100
318021473,Deeragun,32,Outer Regional Australia,1,100
318021474,Douglas,32,Outer Regional Australia,1,100
318021475,Garbutt - West End,32,Outer Regional Australia,1,100
318021476,Gulliver - Currajong - Vincent,32,Outer Regional Australia,1,100
318021477,Heatley,32,Outer Regional Australia,1,100
318021478,Hermit Park - Rosslea,32,Outer Regional Australia,1,100
318021479,Hyde Park - Pimlico,32,Outer Regional Australia,1,100
318021480,Kelso,32,Outer Regional Australia,1,100
318021481,Kirwan - East,32,Outer Regional Australia,1,100
318021482,Kirwan - West,32,Outer Regional Australia,1,100
318021483,Magnetic Island,32,Outer Regional Australia,1,100
318021484,Mount Louisa,32,Outer Regional Australia,1,100
318021485,Mundingburra,32,Outer Regional Australia,1,100
318021486,Northern Beaches,32,Outer Regional Australia,1,100
318021487,Oonoonba,32,Outer Regional Australia,1,100
318021488,South Townsville - Railway Estate,32,Outer Regional Australia,1,100
318021489,Townsville - South,32,Outer Regional Australia,1,100
318021490,Townsville City - North Ward,32,Outer Regional Australia,1,100
318021491,Wulguru - Roseneath,32,Outer Regional Australia,1,100
319011492,Ashfield - Kepnock,31,Inner Regional Australia,1,100
319011493,Bargara - Burnett Heads,31,Inner Regional Australia,1,100
319011494,Branyan - Kensington,31,Inner Regional Australia,1,100
319011495,Bundaberg,31,Inner Regional Australia,1,100
319011496,Bundaberg East - Kalkie,31,Inner Regional Australia,1,100
319011497,Bundaberg North - Gooburrum,31,Inner Regional Australia,1,100
319011498,Bundaberg Region - North,31,Inner Regional Australia,0.9541325,95.4132541
319011498,Bundaberg Region - North,32,Outer Regional Australia,0.0458675,4.5867459
319011499,Bundaberg Region - South,31,Inner Regional Australia,1,100
319011500,Millbank - Avoca,31,Inner Regional Australia,1,100
319011501,Svensson Heights - Norville,31,Inner Regional Australia,1,100
319011502,Walkervale - Avenell Heights,31,Inner Regional Australia,1,100
319021503,Gayndah - Mundubbera,32,Outer Regional Australia,1,100
319021504,Gin Gin,31,Inner Regional Australia,0.2907317,29.0731716
319021504,Gin Gin,32,Outer Regional Australia,0.7092683,70.9268284
319021505,Kingaroy,31,Inner Regional Australia,1,100
319021506,Kingaroy Region - North,31,Inner Regional Australia,0.3466165,34.6616451
319021506,Kingaroy Region - North,32,Outer Regional Australia,0.6533835,65.3383549
319021507,Kingaroy Region - South,31,Inner Regional Australia,0.7661311,76.6131081
319021507,Kingaroy Region - South,32,Outer Regional Australia,0.2338689,23.3868919
319021508,Monto - Eidsvold,32,Outer Regional Australia,0.9478351,94.7835121
319021508,Monto - Eidsvold,33,Remote Australia,0.0521649,5.2164879
319021509,Nanango,31,Inner Regional Australia,0.6733554,67.33554
319021509,Nanango,32,Outer Regional Australia,0.3266446,32.66446
319021510,North Burnett,32,Outer Regional Australia,1,100
319031511,Cooloola,31,Inner Regional Australia,1,100
319031512,Gympie - North,31,Inner Regional Australia,1,100
319031513,Gympie - South,31,Inner Regional Australia,1,100
319031514,Gympie Region,31,Inner Regional Australia,1,100
319031515,Kilkivan,31,Inner Regional Australia,0.429077,42.9076983
319031515,Kilkivan,32,Outer Regional Australia,0.570923,57.0923017
319041516,Booral - River Heads,31,Inner Regional Australia,1,100
319041517,Craignish - Dundowran Beach,31,Inner Regional Australia,1,100
319041518,Pialba - Eli Waters,31,Inner Regional Australia,1,100
319041519,Point Vernon,31,Inner Regional Australia,1,100
319041520,Torquay - Scarness - Kawungan,31,Inner Regional Australia,1,100
319041521,Urangan - Wondunna,31,Inner Regional Australia,1,100
319051522,Burrum - Fraser,31,Inner Regional Australia,0.9765273,97.6527265
319051522,Burrum - Fraser,33,Remote Australia,0.0234727,2.3472735
319051523,Granville,31,Inner Regional Australia,1,100
319051524,Maryborough (Qld),31,Inner Regional Australia,1,100
319051525,Maryborough Region - South,31,Inner Regional Australia,0.9699774,96.997743
319051525,Maryborough Region - South,32,Outer Regional Australia,0.0300226,3.002257
319051526,Tinana,31,Inner Regional Australia,1,100
401011001,Adelaide,40,Major Cities of Australia,1,100
401011002,North Adelaide,40,Major Cities of Australia,1,100
401021003,Adelaide Hills,40,Major Cities of Australia,0.1116163,11.1616259
401021003,Adelaide Hills,41,Inner Regional Australia,0.8883837,88.8383741
401021004,Aldgate - Stirling,40,Major Cities of Australia,0.9389497,93.8949684
401021004,Aldgate - Stirling,41,Inner Regional Australia,0.0610503,6.1050316
401021005,Hahndorf - Echunga,41,Inner Regional Australia,1,100
401021006,Lobethal - Woodside,41,Inner Regional Australia,1,100
401021007,Mount Barker,41,Inner Regional Australia,1,100
401021008,Mount Barker Region,41,Inner Regional Australia,1,100
401021009,Nairne,41,Inner Regional Australia,1,100
401021010,Uraidla - Summertown,40,Major Cities of Australia,0.7675966,76.7596585
401021010,Uraidla - Summertown,41,Inner Regional Australia,0.2324034,23.2403415
401031011,Burnside - Wattle Park,40,Major Cities of Australia,1,100
401031012,Glenside - Beaumont,40,Major Cities of Australia,1,100
401031013,Toorak Gardens,40,Major Cities of Australia,1,100
401041014,Athelstone,40,Major Cities of Australia,1,100
401041015,Paradise - Newton,40,Major Cities of Australia,1,100
401041016,Rostrevor - Magill,40,Major Cities of Australia,1,100
401051017,Norwood (SA),40,Major Cities of Australia,1,100
401051018,Payneham - Felixstow,40,Major Cities of Australia,1,100
401051019,St Peters - Marden,40,Major Cities of Australia,1,100
401061020,Nailsworth - Broadview,40,Major Cities of Australia,1,100
401061021,Prospect,40,Major Cities of Australia,1,100
401061022,Walkerville,40,Major Cities of Australia,1,100
401071023,Goodwood - Millswood,40,Major Cities of Australia,1,100
401071024,Unley - Parkside,40,Major Cities of Australia,1,100
402011025,Gawler - North,40,Major Cities of Australia,0.8740072,87.4007178
402011025,Gawler - North,41,Inner Regional Australia,0.1259928,12.5992822
402011026,Gawler - South,40,Major Cities of Australia,1,100
402011027,Lewiston - Two Wells,41,Inner Regional Australia,1,100
402021028,Craigmore - Blakeview,40,Major Cities of Australia,1,100
402021029,Davoren Park,40,Major Cities of Australia,1,100
402021030,Elizabeth,40,Major Cities of Australia,1,100
402021031,Elizabeth East,40,Major Cities of Australia,1,100
402021032,Munno Para West - Angle Vale,40,Major Cities of Australia,1,100
402021033,One Tree Hill,40,Major Cities of Australia,0.3376828,33.7682844
402021033,One Tree Hill,41,Inner Regional Australia,0.6623172,66.2317156
402021034,Smithfield - Elizabeth North,40,Major Cities of Australia,1,100
402021035,Virginia - Waterloo Corner,40,Major Cities of Australia,0.6225338,62.2533808
402021035,Virginia - Waterloo Corner,41,Inner Regional Australia,0.3774662,37.7466192
402031036,Enfield - Blair Athol,40,Major Cities of Australia,1,100
402031037,Northgate - Oakden - Gilles Plains,40,Major Cities of Australia,1,100
402031038,Windsor Gardens,40,Major Cities of Australia,1,100
402041039,Dry Creek - North,40,Major Cities of Australia,1,100
402041040,Ingle Farm,40,Major Cities of Australia,1,100
402041041,Para Hills,40,Major Cities of Australia,1,100
402041042,Parafield,40,Major Cities of Australia,1,100
402041043,Parafield Gardens,40,Major Cities of Australia,1,100
402041044,Paralowie,40,Major Cities of Australia,1,100
402041046,Salisbury,40,Major Cities of Australia,1,100
402041047,Salisbury East,40,Major Cities of Australia,1,100
402041048,Salisbury North,40,Major Cities of Australia,1,100
402041171,Mawson Lakes - Globe Derby Park,40,Major Cities of Australia,1,100
402041172,Pooraka - Cavan,40,Major Cities of Australia,1,100
402051049,Golden Grove,40,Major Cities of Australia,1,100
402051050,Greenwith,40,Major Cities of Australia,1,100
402051051,Highbury - Dernancourt,40,Major Cities of Australia,1,100
402051052,Hope Valley - Modbury,40,Major Cities of Australia,1,100
402051053,Modbury Heights,40,Major Cities of Australia,1,100
402051054,Redwood Park,40,Major Cities of Australia,1,100
402051055,St Agnes - Ridgehaven,40,Major Cities of Australia,1,100
403011056,Brighton (SA),40,Major Cities of Australia,1,100
403011057,Glenelg (SA),40,Major Cities of Australia,1,100
403021058,Edwardstown,40,Major Cities of Australia,1,100
403021059,Hallett Cove,40,Major Cities of Australia,1,100
403021060,Marino - Seaview Downs,40,Major Cities of Australia,1,100
403021061,Mitchell Park,40,Major Cities of Australia,1,100
403021062,Morphettville,40,Major Cities of Australia,1,100
403021063,Sheidow Park - Trott Park,40,Major Cities of Australia,1,100
403021064,Warradale,40,Major Cities of Australia,1,100
403031065,Belair,40,Major Cities of Australia,1,100
403031066,Bellevue Heights,40,Major Cities of Australia,1,100
403031067,Blackwood,40,Major Cities of Australia,1,100
403031068,Colonel Light Gardens,40,Major Cities of Australia,1,100
403031069,Mitcham (SA),40,Major Cities of Australia,1,100
403031070,Panorama,40,Major Cities of Australia,1,100
403041071,Aberfoyle Park,40,Major Cities of Australia,1,100
403041072,Aldinga,40,Major Cities of Australia,1,100
403041073,Christie Downs,40,Major Cities of Australia,1,100
403041074,Christies Beach,40,Major Cities of Australia,1,100
403041075,Clarendon,40,Major Cities of Australia,0.2024748,20.2474765
403041075,Clarendon,41,Inner Regional Australia,0.7975252,79.7525235
403041076,Coromandel Valley,40,Major Cities of Australia,1,100
403041077,Flagstaff Hill,40,Major Cities of Australia,1,100
403041078,Hackham - Onkaparinga Hills,40,Major Cities of Australia,1,100
403041079,Hackham West - Huntfield Heights,40,Major Cities of Australia,1,100
403041080,Happy Valley,40,Major Cities of Australia,1,100
403041081,Happy Valley Reservoir,40,Major Cities of Australia,1,100
403041082,Lonsdale,40,Major Cities of Australia,1,100
403041083,McLaren Vale,40,Major Cities of Australia,0.6627398,66.2739793
403041083,McLaren Vale,41,Inner Regional Australia,0.3372602,33.7260207
403041084,Morphett Vale - East,40,Major Cities of Australia,1,100
403041085,Morphett Vale - West,40,Major Cities of Australia,1,100
403041086,Reynella,40,Major Cities of Australia,1,100
403041087,Seaford (SA),40,Major Cities of Australia,1,100
403041088,Willunga,40,Major Cities of Australia,0.8039332,80.3933177
403041088,Willunga,41,Inner Regional Australia,0.1960668,19.6066823
403041089,Woodcroft,40,Major Cities of Australia,1,100
404011090,Beverley,40,Major Cities of Australia,1,100
404011091,Flinders Park,40,Major Cities of Australia,1,100
404011092,Henley Beach,40,Major Cities of Australia,1,100
404011093,Hindmarsh - Brompton,40,Major Cities of Australia,1,100
404011094,Royal Park - Hendon - Albert Park,40,Major Cities of Australia,1,100
404011095,Seaton - Grange,40,Major Cities of Australia,1,100
404011096,West Lakes,40,Major Cities of Australia,1,100
404011097,Woodville - Cheltenham,40,Major Cities of Australia,1,100
404021098,Dry Creek - South,40,Major Cities of Australia,1,100
404021099,Largs Bay - Semaphore,40,Major Cities of Australia,1,100
404021100,North Haven,40,Major Cities of Australia,1,100
404021101,Port Adelaide,40,Major Cities of Australia,1,100
404021102,The Parks,40,Major Cities of Australia,1,100
404021103,Torrens Island,40,Major Cities of Australia,1,100
404031104,Adelaide Airport,40,Major Cities of Australia,1,100
404031105,Fulham,40,Major Cities of Australia,1,100
404031106,Lockleys,40,Major Cities of Australia,1,100
404031107,Plympton,40,Major Cities of Australia,1,100
404031108,Richmond (SA),40,Major Cities of Australia,1,100
404031109,West Beach,40,Major Cities of Australia,1,100
405011110,Barossa - Angaston,41,Inner Regional Australia,1,100
405011111,Light,41,Inner Regional Australia,1,100
405011112,Lyndoch,41,Inner Regional Australia,1,100
405011113,Mallala,41,Inner Regional Australia,1,100
405011114,Nuriootpa,41,Inner Regional Australia,1,100
405011115,Tanunda,41,Inner Regional Australia,1,100
405021116,Clare,41,Inner Regional Australia,0.8239072,82.3907197
405021116,Clare,42,Outer Regional Australia,0.1760928,17.6092803
405021117,Gilbert Valley,41,Inner Regional Australia,0.7521543,75.2154315
405021117,Gilbert Valley,42,Outer Regional Australia,0.2478457,24.7845685
405021118,Goyder,41,Inner Regional Australia,0.2502988,25.0298775
405021118,Goyder,42,Outer Regional Australia,0.7497012,74.9701225
405021119,Wakefield - Barunga West,41,Inner Regional Australia,0.4679953,46.7995263
405021119,Wakefield - Barunga West,42,Outer Regional Australia,0.5320047,53.2004737
405031120,Jamestown,42,Outer Regional Australia,1,100
405031121,Peterborough - Mount Remarkable,42,Outer Regional Australia,1,100
405031122,Port Pirie,42,Outer Regional Australia,1,100
405031123,Port Pirie Region,42,Outer Regional Australia,1,100
405041124,Kadina,42,Outer Regional Australia,1,100
405041125,Moonta,42,Outer Regional Australia,1,100
405041126,Wallaroo,42,Outer Regional Australia,1,100
405041127,Yorke Peninsula - North,42,Outer Regional Australia,1,100
405041128,Yorke Peninsula - South,43,Remote Australia,1,100
406011129,Ceduna,44,Very Remote Australia,1,100
406011130,Eyre Peninsula,43,Remote Australia,1,100
406011131,Kimba - Cleve - Franklin Harbour,42,Outer Regional Australia,0.069136,6.9135997
406011131,Kimba - Cleve - Franklin Harbour,43,Remote Australia,0.930864,93.0864003
406011132,Le Hunte - Elliston,43,Remote Australia,0.1739514,17.3951408
406011132,Le Hunte - Elliston,44,Very Remote Australia,0.8260486,82.6048592
406011133,Port Lincoln,43,Remote Australia,1,100
406011134,West Coast (SA),43,Remote Australia,0.2768795,27.6879473
406011134,West Coast (SA),44,Very Remote Australia,0.7231205,72.3120527
406011135,Western,44,Very Remote Australia,1,100
406011136,Whyalla,42,Outer Regional Australia,1,100
406011137,Whyalla - North,42,Outer Regional Australia,1,100
406021138,APY Lands,44,Very Remote Australia,1,100
406021139,Coober Pedy,44,Very Remote Australia,1,100
406021140,Quorn - Lake Gilles,42,Outer Regional Australia,0.9183869,91.8386869
406021140,Quorn - Lake Gilles,43,Remote Australia,0.0816131,8.1613131
406021141,Outback,43,Remote Australia,0.1696411,16.9641121
406021141,Outback,44,Very Remote Australia,0.8303589,83.0358879
406021142,Port Augusta,42,Outer Regional Australia,1,100
406021143,Roxby Downs,43,Remote Australia,1,100
407011144,Goolwa - Port Elliot,41,Inner Regional Australia,1,100
407011145,Kangaroo Island,43,Remote Australia,1,100
407011146,Strathalbyn,41,Inner Regional Australia,1,100
407011147,Strathalbyn Region,41,Inner Regional Australia,1,100
407011148,Victor Harbor,41,Inner Regional Australia,1,100
407011149,Yankalilla,41,Inner Regional Australia,1,100
407021150,Grant,42,Outer Regional Australia,1,100
407021151,Kingston - Robe,42,Outer Regional Australia,0.9342635,93.426345
407021151,Kingston - Robe,43,Remote Australia,0.0657365,6.573655
407021152,Millicent,42,Outer Regional Australia,1,100
407021154,Naracoorte,42,Outer Regional Australia,1,100
407021155,Naracoorte Region,42,Outer Regional Australia,1,100
407021156,Penola,42,Outer Regional Australia,1,100
407021157,Tatiara,42,Outer Regional Australia,0.9127659,91.2765935
407021157,Tatiara,43,Remote Australia,0.0872341,8.7234065
407021158,Wattle Range,42,Outer Regional Australia,1,100
407021173,Mount Gambier - East,41,Inner Regional Australia,0.9252565,92.525654
407021173,Mount Gambier - East,42,Outer Regional Australia,0.0747435,7.474346
407021174,Mount Gambier - West,41,Inner Regional Australia,0.8971029,89.7102858
407021174,Mount Gambier - West,42,Outer Regional Australia,0.1028971,10.2897142
407031159,Barmera,42,Outer Regional Australia,1,100
407031160,Berri,42,Outer Regional Australia,1,100
407031161,Karoonda - Lameroo,42,Outer Regional Australia,0.4062295,40.6229502
407031161,Karoonda - Lameroo,43,Remote Australia,0.5937705,59.3770498
407031162,Loxton,42,Outer Regional Australia,1,100
407031163,Loxton Region,42,Outer Regional Australia,1,100
407031164,Mannum,41,Inner Regional Australia,0.875,87.4999971
407031164,Mannum,42,Outer Regional Australia,0.125,12.5000029
407031165,Murray Bridge,41,Inner Regional Australia,1,100
407031166,Murray Bridge Region,41,Inner Regional Australia,1,100
407031167,Renmark,42,Outer Regional Australia,1,100
407031168,Renmark Region,42,Outer Regional Australia,1,100
407031169,The Coorong,41,Inner Regional Australia,0.3573146,35.7314561
407031169,The Coorong,42,Outer Regional Australia,0.6426854,64.2685439
407031170,Waikerie,41,Inner Regional Australia,0.1074667,10.7466683
407031170,Waikerie,42,Outer Regional Australia,0.8925333,89.2533317
501011001,Augusta,51,Inner Regional Australia,0.9298116,92.9811589
501011001,Augusta,52,Outer Regional Australia,0.0701884,7.0188411
501011002,Busselton,51,Inner Regional Australia,1,100
501011003,Busselton Region,51,Inner Regional Australia,1,100
501011004,Margaret River,51,Inner Regional Australia,1,100
501021005,Australind - Leschenault,51,Inner Regional Australia,1,100
501021007,Capel,51,Inner Regional Australia,1,100
501021008,College Grove - Carey Park,51,Inner Regional Australia,1,100
501021009,Collie,51,Inner Regional Australia,1,100
501021010,Dardanup,51,Inner Regional Australia,1,100
501021011,Davenport,51,Inner Regional Australia,1,100
501021012,Eaton - Pelican Point,51,Inner Regional Australia,1,100
501021014,Harvey,51,Inner Regional Australia,1,100
501021015,East Bunbury - Glen Iris,51,Inner Regional Australia,1,100
501021016,Waroona,51,Inner Regional Australia,1,100
501021251,Dalyellup,51,Inner Regional Australia,1,100
501021252,Gelorup - Stratham,51,Inner Regional Australia,1,100
501021253,South Bunbury - Bunbury,51,Inner Regional Australia,1,100
501021254,Withers - Usher,51,Inner Regional Australia,1,100
501031017,Bridgetown - Boyup Brook,51,Inner Regional Australia,0.362949,36.2948958
501031017,Bridgetown - Boyup Brook,52,Outer Regional Australia,0.637051,63.7051042
501031018,Donnybrook - Balingup,51,Inner Regional Australia,1,100
501031019,Manjimup,52,Outer Regional Australia,1,100
501031020,Pemberton,52,Outer Regional Australia,1,100
502011021,Dawesville - Bouvard,50,Major Cities of Australia,0.9384615,93.846153
502011021,Dawesville - Bouvard,51,Inner Regional Australia,0.0615385,6.153847
502011022,Falcon - Wannanup,50,Major Cities of Australia,1,100
502011023,Greenfields,50,Major Cities of Australia,1,100
502011024,Halls Head - Erskine,50,Major Cities of Australia,1,100
502011025,Mandurah,50,Major Cities of Australia,1,100
502011026,Mandurah - East,50,Major Cities of Australia,1,100
502011027,Mandurah - North,50,Major Cities of Australia,1,100
502011028,Mandurah - South,50,Major Cities of Australia,1,100
502011029,Pinjarra,50,Major Cities of Australia,0.6663544,66.6354411
502011029,Pinjarra,51,Inner Regional Australia,0.3336456,33.3645589
503011030,City Beach,50,Major Cities of Australia,1,100
503011031,Claremont (WA),50,Major Cities of Australia,1,100
503011032,Cottesloe,50,Major Cities of Australia,1,100
503011033,Floreat,50,Major Cities of Australia,1,100
503011034,Mosman Park - Peppermint Grove,50,Major Cities of Australia,1,100
503011035,Nedlands - Dalkeith - Crawley,50,Major Cities of Australia,1,100
503011036,Swanbourne - Mount Claremont,50,Major Cities of Australia,1,100
503021037,Kings Park (WA),50,Major Cities of Australia,1,100
503021038,Mount Hawthorn - Leederville,50,Major Cities of Australia,1,100
503021039,Mount Lawley - Inglewood,50,Major Cities of Australia,1,100
503021040,North Perth,50,Major Cities of Australia,1,100
503021041,Perth City,50,Major Cities of Australia,1,100
503021042,Subiaco - Shenton Park,50,Major Cities of Australia,1,100
503021043,Wembley - West Leederville - Glendalough,50,Major Cities of Australia,1,100
504011044,Bassendean - Eden Hill - Ashfield,50,Major Cities of Australia,1,100
504011045,Bayswater - Embleton - Bedford,50,Major Cities of Australia,1,100
504011046,Maylands,50,Major Cities of Australia,1,100
504011047,Morley,50,Major Cities of Australia,1,100
504011048,Noranda,50,Major Cities of Australia,1,100
504021049,Chidlow,51,Inner Regional Australia,1,100
504021050,Glen Forrest - Darlington,50,Major Cities of Australia,1,100
504021051,Helena Valley - Koongamia,50,Major Cities of Australia,1,100
504021052,Malmalling - Reservoir,51,Inner Regional Australia,1,100
504021053,Mundaring,50,Major Cities of Australia,1,100
504021054,Swan View - Greenmount - Midvale,50,Major Cities of Australia,1,100
504031055,Avon Valley National Park,51,Inner Regional Australia,1,100
504031056,Ballajura,50,Major Cities of Australia,1,100
504031057,Beechboro,50,Major Cities of Australia,1,100
504031058,Bullsbrook,50,Major Cities of Australia,0.0762514,7.6251449
504031058,Bullsbrook,51,Inner Regional Australia,0.9237486,92.3748551
504031059,Ellenbrook,50,Major Cities of Australia,1,100
504031060,Gidgegannup,50,Major Cities of Australia,0.1995607,19.9560683
504031060,Gidgegannup,51,Inner Regional Australia,0.8004393,80.0439317
504031061,Hazelmere - Guildford,50,Major Cities of Australia,1,100
504031062,Lockridge - Kiara,50,Major Cities of Australia,1,100
504031063,Malaga,50,Major Cities of Australia,1,100
504031064,Melaleuca - Lexia,50,Major Cities of Australia,1,100
504031065,Middle Swan - Herne Hill,50,Major Cities of Australia,1,100
504031066,Midland - Guildford,50,Major Cities of Australia,1,100
504031067,Stratton - Jane Brook,50,Major Cities of Australia,1,100
504031068,The Vines,50,Major Cities of Australia,0.9159952,91.5995163
504031068,The Vines,51,Inner Regional Australia,0.0840048,8.4004837
504031069,Walyunga National Park,51,Inner Regional Australia,1,100
505011070,Craigie - Beldon,50,Major Cities of Australia,1,100
505011071,Currambine - Kinross,50,Major Cities of Australia,1,100
505011072,Duncraig,50,Major Cities of Australia,1,100
505011073,Greenwood - Warwick,50,Major Cities of Australia,1,100
505011074,Heathridge - Connolly,50,Major Cities of Australia,1,100
505011075,Hillarys,50,Major Cities of Australia,1,100
505011076,Iluka - Burns Beach,50,Major Cities of Australia,1,100
505011077,Joondalup - Edgewater,50,Major Cities of Australia,1,100
505011078,Kingsley,50,Major Cities of Australia,1,100
505011079,Mullaloo - Kallaroo,50,Major Cities of Australia,1,100
505011080,Ocean Reef,50,Major Cities of Australia,1,100
505011081,Padbury,50,Major Cities of Australia,1,100
505011082,Sorrento - Marmion,50,Major Cities of Australia,1,100
505011083,Woodvale,50,Major Cities of Australia,1,100
505021084,Balcatta - Hamersley,50,Major Cities of Australia,1,100
505021085,Balga - Mirrabooka,50,Major Cities of Australia,1,100
505021086,Dianella,50,Major Cities of Australia,1,100
505021087,Herdsman,50,Major Cities of Australia,1,100
505021088,Innaloo - Doubleview,50,Major Cities of Australia,1,100
505021089,Karrinyup - Gwelup - Carine,50,Major Cities of Australia,1,100
505021090,Nollamara - Westminster,50,Major Cities of Australia,1,100
505021091,Osborne Park Industrial,50,Major Cities of Australia,1,100
505021092,Scarborough,50,Major Cities of Australia,1,100
505021093,Stirling - Osborne Park,50,Major Cities of Australia,1,100
505021094,Trigg - North Beach - Watermans Bay,50,Major Cities of Australia,1,100
505021095,Tuart Hill - Joondanna,50,Major Cities of Australia,1,100
505021096,Wembley Downs - Churchlands - Woodlands,50,Major Cities of Australia,1,100
505021097,Yokine - Coolbinia - Menora,50,Major Cities of Australia,1,100
505031098,Alexander Heights - Koondoola,50,Major Cities of Australia,1,100
505031099,Butler - Merriwa - Ridgewood,50,Major Cities of Australia,1,100
505031100,Carramar,50,Major Cities of Australia,1,100
505031101,Clarkson,50,Major Cities of Australia,1,100
505031102,Girrawheen,50,Major Cities of Australia,1,100
505031103,Madeley - Darch - Landsdale,50,Major Cities of Australia,1,100
505031104,Marangaroo,50,Major Cities of Australia,1,100
505031105,Mindarie - Quinns Rocks - Jindalee,50,Major Cities of Australia,1,100
505031106,Neerabup National Park,50,Major Cities of Australia,1,100
505031107,Tapping - Ashby - Sinagra,50,Major Cities of Australia,1,100
505031108,Wanneroo,50,Major Cities of Australia,1,100
505031255,Alkimos - Eglinton,50,Major Cities of Australia,1,100
505031256,Carabooda - Pinjar,50,Major Cities of Australia,0.8614128,86.1412757
505031256,Carabooda - Pinjar,51,Inner Regional Australia,0.1385872,13.8587243
505031257,Two Rocks,51,Inner Regional Australia,1,100
505031258,Yanchep,50,Major Cities of Australia,1,100
506011110,Armadale - Wungong - Brookdale,50,Major Cities of Australia,1,100
506011111,Ashendon - Lesley,51,Inner Regional Australia,1,100
506011112,Camillo - Champion Lakes,50,Major Cities of Australia,1,100
506011113,Forrestdale - Harrisdale - Piara Waters,50,Major Cities of Australia,1,100
506011114,Kelmscott,50,Major Cities of Australia,1,100
506011115,Mount Nasura - Mount Richon - Bedfordale,50,Major Cities of Australia,1,100
506011116,Roleystone,50,Major Cities of Australia,0.9319283,93.1928288
506011116,Roleystone,51,Inner Regional Australia,0.0680717,6.8071712
506011117,Seville Grove,50,Major Cities of Australia,1,100
506021118,Belmont - Ascot - Redcliffe,50,Major Cities of Australia,1,100
506021119,East Victoria Park - Carlisle,50,Major Cities of Australia,1,100
506021120,Kewdale Commercial,50,Major Cities of Australia,1,100
506021121,Perth Airport,50,Major Cities of Australia,1,100
506021122,Rivervale - Kewdale - Cloverdale,50,Major Cities of Australia,1,100
506021123,Victoria Park - Lathlain - Burswood,50,Major Cities of Australia,1,100
506031124,Bentley - Wilson - St James,50,Major Cities of Australia,1,100
506031125,Canning Vale - West,50,Major Cities of Australia,1,100
506031126,Canning Vale Commercial,50,Major Cities of Australia,1,100
506031127,Cannington - Queens Park,50,Major Cities of Australia,1,100
506031128,Parkwood - Ferndale - Lynwood,50,Major Cities of Australia,1,100
506031129,Riverton - Shelley - Rossmoyne,50,Major Cities of Australia,1,100
506031130,Welshpool,50,Major Cities of Australia,1,100
506031131,Willetton,50,Major Cities of Australia,1,100
506041132,Beckenham - Kenwick - Langford,50,Major Cities of Australia,1,100
506041133,Canning Vale - East,50,Major Cities of Australia,1,100
506041134,Gosnells,50,Major Cities of Australia,1,100
506041135,Huntingdale - Southern River,50,Major Cities of Australia,1,100
506041136,Maddington - Orange Grove - Martin,50,Major Cities of Australia,1,100
506041137,Thornlie,50,Major Cities of Australia,1,100
506051138,Forrestfield - Wattle Grove,50,Major Cities of Australia,1,100
506051139,High Wycombe,50,Major Cities of Australia,1,100
506051140,Kalamunda - Maida Vale - Gooseberry Hill,50,Major Cities of Australia,1,100
506051141,Lesmurdie - Bickley - Carmel,50,Major Cities of Australia,0.9484038,94.8403769
506051141,Lesmurdie - Bickley - Carmel,51,Inner Regional Australia,0.0515962,5.1596231
506061142,Byford,50,Major Cities of Australia,1,100
506061143,Mundijong,50,Major Cities of Australia,0.8748224,87.4822412
506061143,Mundijong,51,Inner Regional Australia,0.1251776,12.5177588
506061144,Serpentine - Jarrahdale,51,Inner Regional Australia,1,100
506071145,Como,50,Major Cities of Australia,1,100
506071146,Manning - Waterford,50,Major Cities of Australia,1,100
506071147,South Perth - Kensington,50,Major Cities of Australia,1,100
507011148,Banjup,50,Major Cities of Australia,1,100
507011150,Bibra Industrial,50,Major Cities of Australia,1,100
507011151,Bibra Lake,50,Major Cities of Australia,1,100
507011152,Coogee,50,Major Cities of Australia,1,100
507011153,Coolbellup,50,Major Cities of Australia,1,100
507011154,Hamilton Hill,50,Major Cities of Australia,1,100
507011155,Henderson,50,Major Cities of Australia,1,100
507011158,North Coogee,50,Major Cities of Australia,1,100
507011159,South Lake - Cockburn Central,50,Major Cities of Australia,1,100
507011160,Spearwood,50,Major Cities of Australia,1,100
507011161,Success - Hammond Park,50,Major Cities of Australia,1,100
507011163,Yangebup,50,Major Cities of Australia,1,100
507011259,Beeliar - Wattleup,50,Major Cities of Australia,1,100
507011260,Jandakot,50,Major Cities of Australia,1,100
507021164,East Fremantle,50,Major Cities of Australia,1,100
507021165,Fremantle,50,Major Cities of Australia,0.9775492,97.754924
507021165,Fremantle,53,Remote Australia,0.0224508,2.245076
507021166,Fremantle - South,50,Major Cities of Australia,1,100
507021167,O'Connor (WA),50,Major Cities of Australia,1,100
507031169,Bertram - Wellard (West),50,Major Cities of Australia,1,100
507031170,Calista,50,Major Cities of Australia,1,100
507031172,Hope Valley - Postans,50,Major Cities of Australia,1,100
507031173,Kwinana Industrial,50,Major Cities of Australia,1,100
507031174,Parmelia - Orelia,50,Major Cities of Australia,1,100
507031261,Casuarina - Wandi,50,Major Cities of Australia,1,100
507041175,Applecross - Ardross,50,Major Cities of Australia,1,100
507041176,Bateman,50,Major Cities of Australia,1,100
507041177,Bicton - Palmyra,50,Major Cities of Australia,1,100
507041178,Booragoon,50,Major Cities of Australia,1,100
507041179,Bull Creek,50,Major Cities of Australia,1,100
507041180,Leeming,50,Major Cities of Australia,1,100
507041181,Melville,50,Major Cities of Australia,1,100
507041182,Murdoch - Kardinya,50,Major Cities of Australia,1,100
507041183,Willagee,50,Major Cities of Australia,1,100
507041184,Winthrop,50,Major Cities of Australia,1,100
507051185,Baldivis,50,Major Cities of Australia,0.9890926,98.9092569
507051185,Baldivis,51,Inner Regional Australia,0.0109074,1.0907431
507051186,Cooloongup,50,Major Cities of Australia,1,100
507051187,Port Kennedy,50,Major Cities of Australia,1,100
507051188,Rockingham,50,Major Cities of Australia,0.9533588,95.3358813
507051188,Rockingham,51,Inner Regional Australia,0.0466412,4.6641187
507051189,Rockingham Lakes,50,Major Cities of Australia,1,100
507051190,Safety Bay - Shoalwater,50,Major Cities of Australia,1,100
507051191,Singleton - Golden Bay - Secret Harbour,50,Major Cities of Australia,1,100
507051192,Waikiki,50,Major Cities of Australia,1,100
507051193,Warnbro,50,Major Cities of Australia,1,100
509011225,Albany,52,Outer Regional Australia,1,100
509011226,Albany Region,52,Outer Regional Australia,0.9535902,95.3590177
509011226,Albany Region,53,Remote Australia,0.0464098,4.6409823
509011227,Bayonet Head - Lower King,52,Outer Regional Australia,1,100
509011228,Denmark,52,Outer Regional Australia,1,100
509011229,Gnowangerup,53,Remote Australia,1,100
509011230,Katanning,52,Outer Regional Australia,1,100
509011231,Kojonup,52,Outer Regional Australia,1,100
509011232,Little Grove - Elleker,52,Outer Regional Australia,1,100
509011233,McKail - Willyung,52,Outer Regional Australia,1,100
509011234,Plantagenet,52,Outer Regional Australia,1,100
509011235,Stirling Range National Park,52,Outer Regional Australia,1,100
509021236,Chittering,51,Inner Regional Australia,0.8814584,88.1458402
509021236,Chittering,52,Outer Regional Australia,0.1185416,11.8541598
509021237,Cunderdin,52,Outer Regional Australia,1,100
509021238,Dowerin,52,Outer Regional Australia,0.8175642,81.7564183
509021238,Dowerin,53,Remote Australia,0.1824358,18.2435817
509021239,Gingin - Dandaragan,51,Inner Regional Australia,0.3775015,37.7501502
509021239,Gingin - Dandaragan,52,Outer Regional Australia,0.6224985,62.2498498
509021240,Merredin,52,Outer Regional Australia,0.5514329,55.1432948
509021240,Merredin,53,Remote Australia,0.4485671,44.8567052
509021241,Moora,52,Outer Regional Australia,0.6990576,69.9057579
509021241,Moora,53,Remote Australia,0.3009424,30.0942421
509021242,Mukinbudin,53,Remote Australia,1,100
509021243,Northam,51,Inner Regional Australia,1,100
509021244,Toodyay,51,Inner Regional Australia,0.9366802,93.6680224
509021244,Toodyay,52,Outer Regional Australia,0.0633198,6.3319776
509021245,York - Beverley,51,Inner Regional Australia,0.6743925,67.4392536
509021245,York - Beverley,52,Outer Regional Australia,0.3256075,32.5607464
509031246,Brookton,52,Outer Regional Australia,0.6914979,69.14979
509031246,Brookton,53,Remote Australia,0.3085021,30.85021
509031247,Kulin,52,Outer Regional Australia,0.1235004,12.3500376
509031247,Kulin,53,Remote Australia,0.7562926,75.6292608
509031247,Kulin,54,Very Remote Australia,0.120207,12.0207016
509031248,Murray,51,Inner Regional Australia,0.8315871,83.158711
509031248,Murray,52,Outer Regional Australia,0.1684129,16.841289
509031249,Narrogin,52,Outer Regional Australia,1,100
509031250,Wagin,52,Outer Regional Australia,1,100
510011262,Broome,53,Remote Australia,1,100
510011263,Derby - West Kimberley,54,Very Remote Australia,1,100
510011264,Halls Creek,54,Very Remote Australia,1,100
510011265,Kununurra,54,Very Remote Australia,1,100
510011266,Roebuck,53,Remote Australia,0.1344612,13.4461203
510011266,Roebuck,54,Very Remote Australia,0.8655388,86.5538797
510021267,East Pilbara,54,Very Remote Australia,1,100
510021268,Newman,54,Very Remote Australia,1,100
510021269,Port Hedland,53,Remote Australia,1,100
510021270,South Hedland,53,Remote Australia,1,100
510031271,Ashburton (WA),54,Very Remote Australia,1,100
510031272,Karratha,53,Remote Australia,1,100
510031273,Roebourne,53,Remote Australia,0.8163845,81.6384482
510031273,Roebourne,54,Very Remote Australia,0.1836155,18.3615518
511011274,Esperance,53,Remote Australia,1,100
511011275,Esperance Region,53,Remote Australia,0.4222913,42.2291284
511011275,Esperance Region,54,Very Remote Australia,0.5777087,57.7708716
511021276,Carnarvon,54,Very Remote Australia,1,100
511021277,Exmouth,54,Very Remote Australia,1,100
511031278,Boulder,52,Outer Regional Australia,1,100
511031279,Kalgoorlie,52,Outer Regional Australia,1,100
511031280,Kalgoorlie - North,52,Outer Regional Australia,1,100
511031281,Kalgoorlie Airport,52,Outer Regional Australia,1,100
511031282,Kambalda - Coolgardie - Norseman,52,Outer Regional Australia,0.5623963,56.2396261
511031282,Kambalda - Coolgardie - Norseman,54,Very Remote Australia,0.4376037,43.7603739
511031283,Leinster - Leonora,54,Very Remote Australia,1,100
511031284,Trafalgar (WA),52,Outer Regional Australia,1,100
511041285,Geraldton,52,Outer Regional Australia,1,100
511041286,Geraldton - East,52,Outer Regional Australia,1,100
511041287,Geraldton - North,52,Outer Regional Australia,1,100
511041288,Geraldton - South,52,Outer Regional Australia,1,100
511041289,Irwin,52,Outer Regional Australia,1,100
511041290,Meekatharra,54,Very Remote Australia,1,100
511041291,Morawa,52,Outer Regional Australia,0.2743385,27.4338453
511041291,Morawa,53,Remote Australia,0.7256615,72.5661547
511041292,Northampton - Mullewa - Greenough,52,Outer Regional Australia,0.4938997,49.3899718
511041292,Northampton - Mullewa - Greenough,53,Remote Australia,0.5050905,50.5090457
511041292,Northampton - Mullewa - Greenough,54,Very Remote Australia,0.0010098,0.1009825
601011001,Bridgewater - Gagebrook,61,Inner Regional Australia,1,100
601011002,Brighton - Pontville,61,Inner Regional Australia,1,100
601011003,Old Beach - Otago,61,Inner Regional Australia,1,100
601021004,Bellerive - Rosny,61,Inner Regional Australia,1,100
601021005,Cambridge,61,Inner Regional Australia,1,100
601021006,Geilston Bay - Risdon,61,Inner Regional Australia,1,100
601021007,Howrah - Tranmere,61,Inner Regional Australia,1,100
601021008,Lindisfarne - Rose Bay,61,Inner Regional Australia,1,100
601021009,Mornington - Warrane,61,Inner Regional Australia,1,100
601021010,Risdon Vale,61,Inner Regional Australia,1,100
601021011,Rokeby,61,Inner Regional Australia,1,100
601021012,South Arm,61,Inner Regional Australia,0.6325315,63.2531527
601021012,South Arm,62,Outer Regional Australia,0.3674685,36.7468473
601031013,Austins Ferry - Granton,61,Inner Regional Australia,1,100
601031014,Berriedale - Chigwell,61,Inner Regional Australia,1,100
601031015,Claremont (Tas.),61,Inner Regional Australia,1,100
601031016,Derwent Park - Lutana,61,Inner Regional Australia,1,100
601031017,Glenorchy,61,Inner Regional Australia,1,100
601031018,Montrose - Rosetta,61,Inner Regional Australia,1,100
601031019,Moonah,61,Inner Regional Australia,1,100
601031020,New Norfolk,61,Inner Regional Australia,1,100
601031021,West Moonah,61,Inner Regional Australia,1,100
601041022,Kingston - Huntingfield,61,Inner Regional Australia,1,100
601041023,Kingston Beach - Blackmans Bay,61,Inner Regional Australia,1,100
601041024,Margate - Snug,61,Inner Regional Australia,1,100
601041025,Mount Wellington,61,Inner Regional Australia,1,100
601041026,Taroona - Bonnet Hill,61,Inner Regional Australia,1,100
601051027,Hobart,61,Inner Regional Australia,1,100
601051028,Lenah Valley - Mount Stuart,61,Inner Regional Australia,1,100
601051029,Mount Nelson - Dynnyrne,61,Inner Regional Australia,1,100
601051030,New Town,61,Inner Regional Australia,1,100
601051031,Sandy Bay,61,Inner Regional Australia,1,100
601051032,South Hobart - Fern Tree,61,Inner Regional Australia,1,100
601051033,West Hobart,61,Inner Regional Australia,1,100
601061034,Dodges Ferry - Lewisham,61,Inner Regional Australia,0.7073559,70.7355883
601061034,Dodges Ferry - Lewisham,62,Outer Regional Australia,0.2926441,29.2644117
601061035,Sorell - Richmond,61,Inner Regional Australia,0.9199018,91.9901755
601061035,Sorell - Richmond,62,Outer Regional Australia,0.0800982,8.0098245
602011036,Invermay,61,Inner Regional Australia,1,100
602011037,Kings Meadows - Punchbowl,61,Inner Regional Australia,1,100
602011038,Launceston,61,Inner Regional Australia,1,100
602011039,Legana,61,Inner Regional Australia,1,100
602011040,Mowbray,61,Inner Regional Australia,1,100
602011041,Newnham - Mayfield,61,Inner Regional Australia,1,100
602011042,Newstead,61,Inner Regional Australia,1,100
602011043,Norwood (Tas.),61,Inner Regional Australia,1,100
602011044,Prospect Vale - Blackstone,61,Inner Regional Australia,1,100
602011045,Ravenswood,61,Inner Regional Australia,1,100
602011046,Riverside,61,Inner Regional Australia,1,100
602011047,South Launceston,61,Inner Regional Australia,1,100
602011048,Summerhill - Prospect,61,Inner Regional Australia,1,100
602011049,Trevallyn,61,Inner Regional Australia,1,100
602011050,Waverley - St Leonards,61,Inner Regional Australia,1,100
602011051,West Launceston,61,Inner Regional Australia,1,100
602011052,Youngtown - Relbia,61,Inner Regional Australia,1,100
602021053,Beauty Point - Beaconsfield,62,Outer Regional Australia,1,100
602021054,Deloraine,62,Outer Regional Australia,1,100
602021055,Grindelwald - Lanena,61,Inner Regional Australia,0.3057302,30.5730228
602021055,Grindelwald - Lanena,62,Outer Regional Australia,0.6942698,69.4269772
602021056,Hadspen - Carrick,61,Inner Regional Australia,1,100
602021057,Westbury,62,Outer Regional Australia,1,100
602031058,Dilston - Lilydale,61,Inner Regional Australia,0.2659949,26.5994916
602031058,Dilston - Lilydale,62,Outer Regional Australia,0.7340051,73.4005084
602031059,George Town,62,Outer Regional Australia,1,100
602031060,Longford,61,Inner Regional Australia,0.8850777,88.5077677
602031060,Longford,62,Outer Regional Australia,0.1149223,11.4922323
602031061,Northern Midlands,62,Outer Regional Australia,1,100
602031062,Perth - Evandale,61,Inner Regional Australia,1,100
602031064,St Helens - Scamander,62,Outer Regional Australia,0.9782214,97.8221375
602031064,St Helens - Scamander,63,Remote Australia,0.0217786,2.1778625
602031099,Flinders and Cape Barren Islands,64,Very Remote Australia,1,100
602031100,Scottsdale - Bridport,62,Outer Regional Australia,1,100
603011065,Central Highlands,62,Outer Regional Australia,0.8654594,86.545945
603011065,Central Highlands,63,Remote Australia,0.1345406,13.454055
603011066,Derwent Valley,61,Inner Regional Australia,0.5254072,52.5407192
603011066,Derwent Valley,62,Outer Regional Australia,0.4745928,47.4592808
603011067,Southern Midlands,61,Inner Regional Australia,0.2335101,23.3510103
603011067,Southern Midlands,62,Outer Regional Australia,0.7664899,76.6489897
603011068,Wilderness - East,63,Remote Australia,1,100
603021069,Bruny Island - Kettering,61,Inner Regional Australia,0.1536892,15.3689212
603021069,Bruny Island - Kettering,62,Outer Regional Australia,0.8463108,84.6310788
603021070,Cygnet,62,Outer Regional Australia,1,100
603021071,Geeveston - Dover,62,Outer Regional Australia,1,100
603021072,Huonville - Franklin,62,Outer Regional Australia,1,100
603031073,Forestier - Tasman,62,Outer Regional Australia,1,100
603031074,Triabunna - Bicheno,62,Outer Regional Australia,0.4525215,45.2521544
603031074,Triabunna - Bicheno,63,Remote Australia,0.5474785,54.7478456
604011075,Acton - Upper Burnie,62,Outer Regional Australia,1,100
604011076,Burnie - Ulverstone Region,62,Outer Regional Australia,1,100
604011077,Burnie - Wivenhoe,62,Outer Regional Australia,1,100
604011078,Parklands - Camdale,62,Outer Regional Australia,1,100
604011079,Penguin - Sulphur Creek,62,Outer Regional Australia,1,100
604011080,Romaine - Havenview,62,Outer Regional Australia,1,100
604011081,Somerset,62,Outer Regional Australia,1,100
604011082,Ulverstone,62,Outer Regional Australia,1,100
604011083,West Ulverstone,62,Outer Regional Australia,1,100
604011084,Wynyard,62,Outer Regional Australia,1,100
604021085,Devonport,61,Inner Regional Australia,1,100
604021086,East Devonport,61,Inner Regional Australia,1,100
604021087,Latrobe,61,Inner Regional Australia,0.7702192,77.0219245
604021087,Latrobe,62,Outer Regional Australia,0.2297808,22.9780755
604021088,Miandetta - Don,61,Inner Regional Australia,0.901295,90.1295039
604021088,Miandetta - Don,62,Outer Regional Australia,0.098705,9.8704961
604021089,Port Sorell,62,Outer Regional Australia,1,100
604021090,Quoiba - Spreyton,61,Inner Regional Australia,0.668484,66.8484018
604021090,Quoiba - Spreyton,62,Outer Regional Australia,0.331516,33.1515982
604021091,Sheffield - Railton,62,Outer Regional Australia,1,100
604021092,Turners Beach - Forth,62,Outer Regional Australia,1,100
604031093,King Island,64,Very Remote Australia,1,100
604031094,North West,62,Outer Regional Australia,0.8334948,83.3494792
604031094,North West,63,Remote Australia,0.1665052,16.6505208
604031095,Smithton,62,Outer Regional Australia,1,100
604031096,Waratah,62,Outer Regional Australia,1,100
604031097,West Coast (Tas.),63,Remote Australia,1,100
604031098,Wilderness - West,63,Remote Australia,1,100
701011001,Darwin Airport,72,Outer Regional Australia,1,100
701011002,Darwin City,72,Outer Regional Australia,1,100
701011003,East Point,72,Outer Regional Australia,1,100
701011004,Fannie Bay - The Gardens,72,Outer Regional Australia,1,100
701011005,Larrakeyah,72,Outer Regional Australia,1,100
701011006,Ludmilla - The Narrows,72,Outer Regional Australia,1,100
701011007,Parap,72,Outer Regional Australia,1,100
701011008,Stuart Park,72,Outer Regional Australia,1,100
701011009,Woolner - Bayview - Winnellie,72,Outer Regional Australia,1,100
701021010,Alawa,72,Outer Regional Australia,1,100
701021011,Anula,72,Outer Regional Australia,1,100
701021012,Berrimah,72,Outer Regional Australia,1,100
701021013,Brinkin - Nakara,72,Outer Regional Australia,1,100
701021014,Buffalo Creek,72,Outer Regional Australia,1,100
701021015,Charles Darwin,72,Outer Regional Australia,1,100
701021016,Coconut Grove,72,Outer Regional Australia,1,100
701021017,East Arm,72,Outer Regional Australia,1,100
701021018,Jingili,72,Outer Regional Australia,1,100
701021019,Karama,72,Outer Regional Australia,1,100
701021020,Leanyer,72,Outer Regional Australia,1,100
701021021,Lyons (NT),72,Outer Regional Australia,1,100
701021022,Malak - Marrara,72,Outer Regional Australia,1,100
701021023,Millner,72,Outer Regional Australia,1,100
701021024,Moil,72,Outer Regional Australia,1,100
701021025,Nightcliff,72,Outer Regional Australia,1,100
701021026,Rapid Creek,72,Outer Regional Australia,1,100
701021027,Tiwi,72,Outer Regional Australia,1,100
701021028,Wagaman,72,Outer Regional Australia,1,100
701021029,Wanguri,72,Outer Regional Australia,1,100
701021030,Wulagi,72,Outer Regional Australia,1,100
701031031,Howard Springs,72,Outer Regional Australia,1,100
701031032,Humpty Doo,72,Outer Regional Australia,1,100
701031033,Koolpinyah,72,Outer Regional Australia,1,100
701031034,Virginia,72,Outer Regional Australia,1,100
701031035,Weddell,72,Outer Regional Australia,1,100
701041036,Bakewell,72,Outer Regional Australia,1,100
701041037,Driver,72,Outer Regional Australia,1,100
701041038,Durack - Marlow Lagoon,72,Outer Regional Australia,1,100
701041039,Gray,72,Outer Regional Australia,1,100
701041040,Moulden,72,Outer Regional Australia,1,100
701041041,Palmerston - North,72,Outer Regional Australia,1,100
701041042,Palmerston - South,72,Outer Regional Australia,1,100
701041043,Rosebery - Bellamack,72,Outer Regional Australia,1,100
701041044,Woodroffe,72,Outer Regional Australia,1,100
702011045,Charles,73,Remote Australia,1,100
702011046,East Side,73,Remote Australia,1,100
702011047,Flynn (NT),73,Remote Australia,1,100
702011048,Larapinta,73,Remote Australia,1,100
702011049,Mount Johns,73,Remote Australia,1,100
702011050,Petermann - Simpson,74,Very Remote Australia,1,100
702011051,Ross,73,Remote Australia,1,100
702011052,Sandover - Plenty,73,Remote Australia,0.5531389,55.3138884
702011052,Sandover - Plenty,74,Very Remote Australia,0.4468611,44.6861116
702011053,Tanami,74,Very Remote Australia,1,100
702011054,Yuendumu - Anmatjere,74,Very Remote Australia,1,100
702021055,Barkly,74,Very Remote Australia,1,100
702021056,Tennant Creek,74,Very Remote Australia,1,100
702031057,Alligator,73,Remote Australia,1,100
702031058,Daly,73,Remote Australia,0.334412,33.4411996
702031058,Daly,74,Very Remote Australia,0.665588,66.5588004
702031059,Thamarrurr,74,Very Remote Australia,1,100
702031060,Tiwi Islands,73,Remote Australia,0.6371788,63.717885
702031060,Tiwi Islands,74,Very Remote Australia,0.3628212,36.282115
702031061,West Arnhem,73,Remote Australia,0.233731,23.373097
702031061,West Arnhem,74,Very Remote Australia,0.766269,76.626903
702041062,Anindilyakwa,74,Very Remote Australia,1,100
702041063,East Arnhem,74,Very Remote Australia,1,100
702041064,Nhulunbuy,74,Very Remote Australia,1,100
702051065,Elsey,74,Very Remote Australia,1,100
702051066,Gulf,74,Very Remote Australia,1,100
702051067,Katherine,73,Remote Australia,1,100
702051068,Victoria River,74,Very Remote Australia,1,100
801011001,Aranda,80,Major Cities of Australia,1,100
801011002,Belconnen,80,Major Cities of Australia,1,100
801011003,Bruce,80,Major Cities of Australia,1,100
801011004,Charnwood,80,Major Cities of Australia,1,100
801011005,Cook,80,Major Cities of Australia,1,100
801011006,Dunlop,80,Major Cities of Australia,1,100
801011007,Evatt,80,Major Cities of Australia,1,100
801011008,Florey,80,Major Cities of Australia,1,100
801011009,Flynn (ACT),80,Major Cities of Australia,1,100
801011010,Fraser,80,Major Cities of Australia,1,100
801011011,Giralang,80,Major Cities of Australia,1,100
801011012,Gooromon,80,Major Cities of Australia,1,100
801011013,Hawker,80,Major Cities of Australia,1,100
801011014,Higgins,80,Major Cities of Australia,1,100
801011015,Holt,80,Major Cities of Australia,1,100
801011016,Kaleen,80,Major Cities of Australia,1,100
801011017,Latham,80,Major Cities of Australia,1,100
801011018,Lawson,80,Major Cities of Australia,1,100
801011019,Macgregor (ACT),80,Major Cities of Australia,1,100
801011020,Macquarie,80,Major Cities of Australia,1,100
801011021,McKellar,80,Major Cities of Australia,1,100
801011022,Melba,80,Major Cities of Australia,1,100
801011023,Page,80,Major Cities of Australia,1,100
801011024,Scullin,80,Major Cities of Australia,1,100
801011025,Spence,80,Major Cities of Australia,1,100
801011026,Weetangera,80,Major Cities of Australia,1,100
801011111,Molonglo Corridor,80,Major Cities of Australia,1,100
801011112,West Belconnen,80,Major Cities of Australia,1,100
801031031,Hume,80,Major Cities of Australia,1,100
801031032,Kowen,81,Inner Regional Australia,1,100
801031113,Canberra East,80,Major Cities of Australia,1,100
801031114,Canberra Airport,80,Major Cities of Australia,1,100
801031115,Majura,80,Major Cities of Australia,1,100
801041034,Amaroo,80,Major Cities of Australia,1,100
801041035,Bonner,80,Major Cities of Australia,1,100
801041036,Casey,80,Major Cities of Australia,1,100
801041037,Crace,80,Major Cities of Australia,1,100
801041038,Forde,80,Major Cities of Australia,1,100
801041039,Franklin,80,Major Cities of Australia,1,100
801041040,Gungahlin,80,Major Cities of Australia,1,100
801041043,Hall,80,Major Cities of Australia,1,100
801041044,Harrison,80,Major Cities of Australia,1,100
801041045,Mitchell,80,Major Cities of Australia,1,100
801041046,Ngunnawal,80,Major Cities of Australia,1,100
801041047,Nicholls,80,Major Cities of Australia,1,100
801041048,Palmerston,80,Major Cities of Australia,1,100
801041116,Gungahlin - East,80,Major Cities of Australia,1,100
801041117,Gungahlin - West,80,Major Cities of Australia,1,100
801041118,Jacka,80,Major Cities of Australia,1,100
801041119,Kenny,80,Major Cities of Australia,1,100
801041120,Moncrieff,80,Major Cities of Australia,1,100
801041121,Taylor,80,Major Cities of Australia,1,100
801041122,Throsby,80,Major Cities of Australia,1,100
801051049,Acton,80,Major Cities of Australia,1,100
801051050,Ainslie,80,Major Cities of Australia,1,100
801051051,Braddon,80,Major Cities of Australia,1,100
801051053,Civic,80,Major Cities of Australia,1,100
801051054,Dickson,80,Major Cities of Australia,1,100
801051055,Downer,80,Major Cities of Australia,1,100
801051056,Hackett,80,Major Cities of Australia,1,100
801051057,Lyneham,80,Major Cities of Australia,1,100
801051058,O'Connor (ACT),80,Major Cities of Australia,1,100
801051060,Turner,80,Major Cities of Australia,1,100
801051061,Watson,80,Major Cities of Australia,1,100
801051123,Black Mountain,80,Major Cities of Australia,1,100
801051124,Campbell,80,Major Cities of Australia,1,100
801051125,Duntroon,80,Major Cities of Australia,1,100
801051126,Parkes (ACT) - North,80,Major Cities of Australia,1,100
801051127,Reid,80,Major Cities of Australia,1,100
801051128,Russell,80,Major Cities of Australia,1,100
801061062,Deakin,80,Major Cities of Australia,1,100
801061063,Forrest,80,Major Cities of Australia,1,100
801061064,Griffith (ACT),80,Major Cities of Australia,1,100
801061066,Lake Burley Griffin,80,Major Cities of Australia,1,100
801061067,Narrabundah,80,Major Cities of Australia,1,100
801061068,Parkes (ACT) - South,80,Major Cities of Australia,1,100
801061069,Red Hill (ACT),80,Major Cities of Australia,1,100
801061070,Yarralumla,80,Major Cities of Australia,1,100
801061129,Barton,80,Major Cities of Australia,1,100
801061130,Fyshwick,80,Major Cities of Australia,1,100
801061131,Kingston (ACT),80,Major Cities of Australia,1,100
801071071,Banks,80,Major Cities of Australia,1,100
801071072,Bonython,80,Major Cities of Australia,1,100
801071073,Calwell,80,Major Cities of Australia,1,100
801071074,Chisholm,80,Major Cities of Australia,1,100
801071075,Conder,80,Major Cities of Australia,1,100
801071076,Fadden,80,Major Cities of Australia,1,100
801071077,Gilmore,80,Major Cities of Australia,1,100
801071078,Gordon (ACT),80,Major Cities of Australia,1,100
801071079,Gowrie (ACT),80,Major Cities of Australia,1,100
801071080,Greenway,80,Major Cities of Australia,1,100
801071081,Isabella Plains,80,Major Cities of Australia,1,100
801071082,Kambah,80,Major Cities of Australia,1,100
801071083,Macarthur,80,Major Cities of Australia,1,100
801071084,Monash,80,Major Cities of Australia,1,100
801071085,Mount Taylor,80,Major Cities of Australia,1,100
801071086,Oxley (ACT),80,Major Cities of Australia,1,100
801071087,Richardson,80,Major Cities of Australia,1,100
801071088,Theodore,80,Major Cities of Australia,1,100
801071089,Tuggeranong,81,Inner Regional Australia,1,100
801071090,Wanniassa,80,Major Cities of Australia,1,100
801071132,Tuggeranong - West,80,Major Cities of Australia,1,100
801081091,Chapman,80,Major Cities of Australia,1,100
801081092,Duffy,80,Major Cities of Australia,1,100
801081093,Fisher,80,Major Cities of Australia,1,100
801081094,Holder,80,Major Cities of Australia,1,100
801081095,Rivett,80,Major Cities of Australia,1,100
801081096,Stirling,80,Major Cities of Australia,1,100
801081097,Waramanga,80,Major Cities of Australia,1,100
801081098,Weston,80,Major Cities of Australia,1,100
801081133,Scrivener,80,Major Cities of Australia,1,100
801091099,Chifley,80,Major Cities of Australia,1,100
801091100,Curtin,80,Major Cities of Australia,1,100
801091101,Farrer,80,Major Cities of Australia,1,100
801091102,Garran,80,Major Cities of Australia,1,100
801091103,Hughes,80,Major Cities of Australia,1,100
801091104,Isaacs,80,Major Cities of Australia,1,100
801091105,Lyons (ACT),80,Major Cities of Australia,1,100
801091106,Mawson,80,Major Cities of Australia,1,100
801091107,O'Malley,80,Major Cities of Australia,1,100
801091108,Pearce,80,Major Cities of Australia,1,100
801091109,Phillip,80,Major Cities of Australia,1,100
801091110,Torrens,80,Major Cities of Australia,1,100
801101134,Arboretum,80,Major Cities of Australia,1,100
801101135,Coombs,80,Major Cities of Australia,1,100
801101136,Denman Prospect,80,Major Cities of Australia,1,100
801101137,Molonglo,80,Major Cities of Australia,1,100
801101138,Molonglo - North,80,Major Cities of Australia,1,100
801101139,Wright,80,Major Cities of Australia,1,100
801111140,ACT - South West,81,Inner Regional Australia,1,100
801111141,Namadgi,81,Inner Regional Australia,1,100
901011001,Christmas Island,94,Very Remote Australia,1,100
901021002,Cocos (Keeling) Islands,94,Very Remote Australia,1,100
901031003,Jervis Bay,91,Inner Regional Australia,1,100
901041004,Norfolk Island,94,Very Remote Australia,1,100
